Teff,rad,Wavelength (nm),Frequency (THz),H,He,O,N,Fe,Water,C
2762,0.122449,525,743,42,0,0,0,0,0,0.0018
2979,0.168486,391,840,96,3,0.03,0.03,0.03,0,0.0065
3038,0.170477,724,695,0.15,0.01,46,0.03,0.01,71,0.0090
3206,0.315227,876,309,95,3,0.1,0.03,0.01,0,0.0044
3451,0.382349,499,384,90,10,0.03,0.03,0.01,0,0.0099
3357,0.224276,627,649,96,3,0.03,0.03,0.01,0,0.0010
3368,0.36633,841,880,83,15,0.03,0.03,0.01,0,0.0055
3317,0.34689,525,654,80,19,0.03,0.03,0.01,0,0.0077
3326,0.382315,788,586,0,0,0.1,0.01,0.01,0.5,0.0099
2878,0.137896,694,652,0,0,0.3,0.01,0.01,0.3,0.0033
3378,0.240408,868,325,0,0,0.3,0.01,0.01,0.5,0.0068
3282,0.396859,842,712,0,0,0.3,0.01,0.01,0.4,0.0030
3195,0.2308,386,414,0,0,0.3,0.01,0.01,0.4,0.0089
3376,0.269427,740,407,0,0,0.3,0.01,0.01,0.5,0.0029
3225,0.237721,820,765,0,0,0.3,0.01,0.01,0.5,0.0086
3170,0.224877,600,392,0,0,0.3,0.01,0.01,0.4,0.0053
3241,0.29124,306,549,0,0,0.3,0.01,0.01,0.5,0.0099
3256,0.418276,521,837,0.2,0,0.03,0.01,0.01,0,0.0029
3220,0.273793,642,596,0.02,0.02,0.03,0.01,0.01,0.8,0.0061
3305,0.267567,561,347,0.01,0.01,0.03,0.01,0.01,0.8,0.0079
2933,0.138493,898,573,0.01,0.01,0.03,0.01,0.01,0.8,0.0039
3245,0.280287,839,448,0.02,0.01,0.03,0.01,0.01,0,0.0091
3380,0.353097,632,347,0.02,0.01,0.03,0.01,0.01,0.8,0.0087
2858,0.149957,221,587,0.01,0.01,0.03,0.01,0.01,0.8,0.0075
3383,0.42347,449,561,0.01,0.01,0.03,0.01,0.01,0.8,0.0073
2900,0.160001,893,692,0.01,0.01,0.03,0.01,0.01,0.8,0.0010
3269,0.237169,749,432,0.01,0.01,0.03,0.01,0.01,0.8,0.0040
3198,0.231651,391,339,0.01,0.01,0.03,0.01,0.01,0.8,0.0046
3123,0.259896,647,433,0.02,0,0.1,0.01,0.01,0.5,0.0015
3341,0.281907,225,435,0,0,0.02,0.01,0.01,0,0.0031
3211,0.298056,701,735,0,0,0.02,0.01,0.01,0,0.0066
3246,0.243954,801,450,0.01,0.01,0.03,0.01,0.01,0.8,0.0067
3188,0.225661,470,696,0.01,0.01,0.03,0.01,0.01,0.8,0.0008
3391,0.327288,425,878,0.01,0.01,0.03,0.01,0.01,0.8,0.0083
2720,0.117782,289,520,0.01,0.01,0.03,0.01,0.01,0.8,0.0031
3389,0.442659,392,840,0.01,0.01,0.03,0.01,0.01,0.8,0.0056
2859,0.132026,739,735,0.01,0.01,0.03,0.01,0.01,0.8,0.0023
3202,0.221767,392,591,0.01,0.01,0.03,0.01,0.01,0.8,0.0027
3492,0.417265,243,898,0.01,0.01,0.03,0.01,0.01,0.8,0.0048
2833,0.134295,857,212,0.01,0.01,0.03,0.01,0.01,0.8,0.0032
3215,0.302704,350,410,0.01,0.01,0.03,0.01,0.01,0.8,0.0023
3328,0.283527,598,215,0.01,0.01,0.03,0.01,0.01,0.8,0.0072
3000,0.168294,771,679,0.01,0.01,0.03,0.01,0.01,0.8,0.0017
3402,0.32079,895,676,0.01,0.01,0.03,0.01,0.01,0.8,0.0042
3452,0.334097,579,304,0.01,0.01,0.03,0.01,0.01,0.8,0.0027
3284,0.331068,685,870,0.01,0.01,0.03,0.01,0.01,0.8,0.0085
3499,0.430355,291,805,0.01,0.01,0.03,0.01,0.01,0.8,0.0035
3298,0.205511,404,897,0.01,0.01,0.03,0.01,0.01,0.8,0.0036
3491,0.507292,348,395,0.01,0.01,0.03,0.01,0.01,0.8,0.0005
3292,0.206023,240,352,0.01,0.01,0.03,0.01,0.01,0.8,0.0035
3472,0.442229,801,781,0.01,0.01,0.03,0.01,0.01,0.8,0.0006
3227,0.272223,617,763,0.01,0.01,0.03,0.01,0.01,0.8,0.0072
3285,0.282356,420,323,0.01,0.01,0.03,0.01,0.01,0.8,0.0068
3264,0.330983,385,699,0.01,0.01,0.03,0.01,0.01,0.8,0.0076
3361,0.304344,564,566,0.01,0.01,0.03,0.01,0.01,0.8,0.0007
3236,0.244324,232,211,0.01,0.01,0.03,0.01,0.01,0.8,0.0095
3468,0.491262,344,492,0.01,0.01,0.03,0.01,0.01,0.8,0.0054
3180,0.373751,366,521,0.01,0.01,0.03,0.01,0.01,0.8,0.0058
3372,0.35957,546,575,0.01,0.01,0.03,0.01,0.01,0.8,0.0075
3048,0.172345,801,290,0.01,0.01,0.03,0.01,0.01,0.8,0.0059
3090,0.177372,596,418,0.01,0.01,0.03,0.01,0.01,0.8,0.0012
3207,0.189051,873,483,0.01,0.01,0.03,0.01,0.01,0.8,0.0055
3166,0.281539,829,416,0.01,0.01,0.03,0.01,0.01,0.8,0.0003
3294,0.21672,594,801,0.01,0.01,0.03,0.01,0.01,0.8,0.0031
2857,0.140887,586,827,0.01,0.01,0.03,0.01,0.01,0.8,0.0050
3107,0.206989,416,593,0.01,0.01,0.03,0.01,0.01,0.8,0.0008
3483,0.419501,657,299,0.01,0.01,0.03,0.01,0.01,0.8,0.0017
3397,0.263185,484,563,0.01,0.01,0.03,0.01,0.01,0.8,0.0037
3389,0.353928,328,752,0.01,0.01,0.03,0.01,0.01,0.8,0.0005
3244,0.192729,640,223,0.01,0.01,0.03,0.01,0.01,0.8,0.0067
3231,0.303134,735,508,0.01,0.01,0.03,0.01,0.01,0.8,0.0079
3148,0.222119,521,867,0.01,0.01,0.03,0.01,0.01,0.8,0.0079
3374,0.294911,276,761,0.01,0.01,0.03,0.01,0.01,0.8,0.0008
3316,0.287827,474,545,0.01,0.01,0.03,0.01,0.01,0.8,0.0020
3484,0.307666,635,713,0.01,0.01,0.03,0.01,0.01,0.8,0.0091
3292,0.22674,848,365,0.01,0.01,0.03,0.01,0.01,0.8,0.0081
3447,0.30979,716,652,0.01,0.01,0.03,0.01,0.01,0.8,0.0088
3392,0.336096,843,559,0.01,0.01,0.03,0.01,0.01,0.8,0.0005
2972,0.156453,708,768,0.01,0.01,0.3,0.01,0.01,0,0.0033
3480,0.409504,765,664,0.01,0.01,0.3,0.01,0.01,0,0.0014
3334,0.345049,473,536,0.01,0.01,0.3,0.01,0.01,0,0.0053
3382,0.369306,718,779,0.01,0.01,0.3,0.01,0.01,0,0.0089
3214,0.297095,686,759,0.01,0.01,0.3,0.01,0.01,0,0.0087
3160,0.325077,256,342,0.01,0.01,0.3,0.01,0.01,0,0.0084
3152,0.232996,792,428,0.01,0.01,0.3,0.01,0.01,0,0.0030
3122,0.216165,238,519,0.01,0.01,0.3,0.01,0.01,0,0.0034
3253,0.222061,425,385,0.01,0.01,0.3,0.01,0.01,0,0.0026
3359,0.314339,425,280,0.01,0.01,0.3,0.01,0.01,0,0.0040
3122,0.233389,413,410,0.01,0.01,0.3,0.01,0.01,0,0.0008
2899,0.142837,707,881,0.01,0.01,0.3,0.01,0.01,0,0.0064
3275.709114,0.284448322,836,733,0.01,0.01,0.3,0.01,0.01,0,0.0051
3276.632635,0.284618896,510,428,0.01,0.01,0.3,0.01,0.01,0,0.0090
3277.556156,0.284789471,218,580,0.01,0.01,0.3,0.01,0.01,0,0.0032
3278.479678,0.284960045,528,655,0.01,0.01,0.3,0.01,0.01,0,0.0064
3279.403199,0.285130619,808,666,0.01,0.01,0.3,0.01,0.01,0,0.0079
3280.326721,0.285301194,473,277,0.01,0.01,0.3,0.01,0.01,0,0.0016
3281.250242,0.285471768,436,839,0.01,0.01,0.3,0.01,0.01,0,0.0022
3282.173764,0.285642342,414,363,0.01,0.01,0.3,0.01,0.01,0,0.0042
3283.097285,0.285812917,316,309,0.01,0.01,0.3,0.01,0.01,0,0.0054
3284.020806,0.285983491,661,551,0.01,0.01,0.3,0.01,0.01,0,0.0022
3284.944328,0.286154065,814,542,0.01,0.01,0.3,0.01,0.01,0,0.0011
3285.867849,0.28632464,816,416,0.01,0.01,0.3,0.01,0.01,0,0.0004
3286.791371,0.286495214,577,528,0.01,0.01,0.3,0.01,0.01,0,0.0006
3287.714892,0.286665788,544,556,0.01,0.01,0.3,0.01,0.01,0,0.0100
3288.638414,0.286836363,363,716,0.01,0.01,0.3,0.01,0.01,0,0.0060
3289.561935,0.287006937,775,231,0.01,0.01,0.3,0.01,0.01,0,0.0043
3290.485456,0.287177511,635,763,0.01,0.01,0.3,0.01,0.01,0,0.0000
3291.408978,0.287348086,791,831,0.01,0.01,0.3,0.01,0.01,0,0.0056
3292.332499,0.28751866,443,278,0.01,0.01,0.3,0.01,0.01,0,0.0038
3293.256021,0.287689235,745,454,0.01,0.01,0.3,0.01,0.01,0,0.0046
3294.179542,0.287859809,710,820,0.01,0.01,0.3,0.01,0.01,0,0.0048
3295.103063,0.288030383,521,835,0.01,0.01,0.3,0.01,0.01,0,0.0047
3296.026585,0.288200958,279,737,0.01,0.01,0.3,0.01,0.01,0,0.0092
3296.950106,0.288371532,806,857,0.01,0.01,0.3,0.01,0.01,0,0.0063
3297.873628,0.288542106,399,827,0.01,0.01,0.3,0.01,0.01,0,0.0079
3298.797149,0.288712681,699,766,0.01,0.01,0.3,0.01,0.01,0,0.0059
3299.720671,0.288883255,525,672,0.01,0.01,0.3,0.01,0.01,0,0.0032
3300.644192,0.289053829,295,487,0.01,0.01,0.3,0.01,0.01,0,0.0000
3301.567713,0.289224404,513,319,0.01,0.01,0.3,0.01,0.01,0,0.0066
3302.491235,0.289394978,800,846,0.01,0.01,0.3,0.01,0.01,0,0.0039
3303.414756,0.289565552,715,639,0.01,0.01,0.3,0.01,0.01,0,0.0029
3304.338278,0.289736127,466,544,0.01,0.01,0.3,0.01,0.01,0,0.0096
3305.261799,0.289906701,597,800,0.01,0.01,0.3,0.01,0.01,0,0.0096
3306.185321,0.290077275,560,291,0.01,0.01,0.3,0.01,0.01,0,0.0008
3307.108842,0.29024785,560,700,0.01,0.01,0.3,0.01,0.01,0,0.0033
3308.032363,0.290418424,217,696,0.01,0.01,0.3,0.01,0.01,0,0.0056
3308.955885,0.290588998,366,588,0.01,0.01,0.3,0.01,0.01,0,0.0069
3309.879406,0.290759573,796,413,0.01,0.01,0.3,0.01,0.01,0,0.0047
3310.802928,0.290930147,377,364,0.01,0.01,0.3,0.01,0.01,0,0.0084
3311.726449,0.291100722,520,257,0.01,0.01,0.3,0.01,0.01,0,0.0004
3312.649971,0.291271296,376,648,0.01,0.01,0.3,0.01,0.01,0,0.0064
3313.573492,0.29144187,476,669,0.01,0.01,0.3,0.01,0.01,0,0.0013
3314.497013,0.291612445,519,202,0.01,0.01,0.3,0.01,0.01,0,0.0004
3315.420535,0.291783019,345,587,0.01,0.01,0.3,0.01,0.01,0,0.0071
3316.344056,0.291953593,542,737,0.01,0.01,0.3,0.01,0.01,0,0.0054
3317.267578,0.292124168,740,790,75,23,1.5,0.2,0.3,0.5,0.0024
3318.191099,0.292294742,695,254,72,25,1.8,0.3,0.3,0.5,0.0061
3319.11462,0.292465316,616,542,74,24,1.6,0.2,0.3,0.5,0.0059
3320.038142,0.292635891,898,685,71,26,2,0.3,0.4,0.6,0.0008
3320.961663,0.292806465,656,294,72,24,2.1,0.3,0.3,0.5,0.0007
3321.885185,0.292977039,351,404,73,25,1.9,0.2,0.3,0.5,0.0034
3322.808706,0.293147614,684,639,70,27,1.7,0.3,0.3,0.5,0.0091
3323.732228,0.293318188,336,754,69,28,1.8,0.2,0.3,0.4,0.0058
3324.655749,0.293488762,230,698,71,26,1.6,0.3,0.3,0.5,0.0026
3325.57927,0.293659337,846,767,74,24,1.7,0.2,0.3,0.6,0.0063
3326.502792,0.293829911,863,730,72,25,1.8,0.2,0.4,0.5,0.0066
3327.426313,0.294000485,405,896,69,28,1.9,0.3,0.3,0.4,0.0062
3328.349835,0.29417106,836,741,70,27,1.7,0.3,0.3,0.5,0.0023
3329.273356,0.294341634,822,480,72,25,1.8,0.2,0.3,0.5,0.0079
3330.196878,0.294512209,500,291,74,24,1.6,0.2,0.3,0.5,0.0012
3331.120399,0.294682783,625,413,71,26,1.7,0.3,0.3,0.5,0.0073
3332.04392,0.294853357,294,719,72,25,1.8,0.2,0.3,0.5,0.0019
3332.967442,0.295023932,809,679,70,27,1.9,0.2,0.3,0.4,0.0067
3333.890963,0.295194506,546,450,73,25,1.8,0.2,0.3,0.5,0.0059
3334.814485,0.29536508,814,734,71,26,1.7,0.3,0.3,0.5,0.0028
3335.738006,0.295535655,842,202,69,28,1.8,0.2,0.3,0.4,0.0090
3336.661527,0.295706229,225,509,70,27,1.9,0.2,0.3,0.4,0.0065
3337.585049,0.295876803,753,900,72,25,1.7,0.3,0.3,0.5,0.0096
3338.50857,0.296047378,433,877,71,26,1.8,0.2,0.3,0.5,0.0095
3339.432092,0.296217952,632,566,70,27,1.9,0.3,0.3,0.4,0.0027
3340.355613,0.296388526,236,780,73,25,1.7,0.2,0.3,0.5,0.0012
3341.279135,0.296559101,323,221,71,26,1.8,0.3,0.3,0.5,0.0091
3342.202656,0.296729675,744,531,72,25,1.9,0.2,0.3,0.5,0.0052
3343.126177,0.296900249,386,677,70,27,1.8,0.3,0.3,0.5,0.0008
3344.049699,0.297070824,578,532,71,26,1.7,0.2,0.3,0.4,0.0054
3344.97322,0.297241398,871,796,73,24,1.8,0.3,0.3,0.5,0.0062
3345.896742,0.297411973,470,847,72,25,1.9,0.2,0.3,0.5,0.0030
3346.820263,0.297582547,589,511,71,26,1.7,0.3,0.3,0.5,0.0076
3347.743785,0.297753121,660,301,69,27,1.8,0.2,0.3,0.4,0.0083
3348.667306,0.297923696,235,266,72,24,1.9,0.2,0.3,0.5,0.0047
3349.590827,0.29809427,562,622,70,27,1.8,0.3,0.3,0.4,0.0092
3350.514349,0.298264844,775,690,71,26,1.7,0.2,0.3,0.5,0.0058
3351.43787,0.298435419,399,886,74,24,1.9,0.3,0.3,0.6,0.0095
3352.361392,0.298605993,895,692,72,25,1.8,0.2,0.3,0.5,0.0075
3353.284913,0.298776567,269,381,70,27,1.7,0.2,0.3,0.4,0.0025
3354.208435,0.298947142,240,818,71,26,1.8,0.2,0.3,0.5,0.0087
3355.131956,0.299117716,241,383,72,25,1.9,0.2,0.3,0.5,0.0061
3356.055477,0.29928829,502,739,70,27,1.7,0.3,0.3,0.4,0.0041
3356.978999,0.299458865,253,637,71,26,1.8,0.2,0.3,0.5,0.0043
3357.90252,0.299629439,330,835,69,28,1.6,0.3,0.3,0.4,0.0070
3357.90252,0.299629439,407,418,70,27,1.7,0.2,0.3,0.5,0.0070
3358.826042,0.299800013,409,293,72,25,1.8,0.2,0.3,0.5,0.0017
3359.749563,0.299970588,882,853,71,26,1.7,0.3,0.3,0.5,0.0078
3360.673084,0.300141162,234,681,69,28,1.8,0.2,0.3,0.4,0.0050
3361.596606,0.300311736,895,790,72,25,1.9,0.2,0.3,0.5,0.0076
3362.520127,0.300482311,214,609,70,27,1.8,0.3,0.3,0.4,0.0005
3363.443649,0.300652885,501,471,71,26,1.7,0.2,0.3,0.5,0.0039
3364.36717,0.30082346,619,778,71,26,1.5,0.2,0.2,0.3,0.0065
3365.290692,0.300994034,313,778,72,25,1.6,0.3,0.2,0.3,0.0024
3366.214213,0.301164608,889,452,69,27,1.7,0.2,0.2,0.4,0.0038
3367.137734,0.301335183,417,329,71,26,1.8,0.3,0.3,0.5,0.0026
3368.061256,0.301505757,417,248,70,27,1.6,0.2,0.3,0.4,0.0049
3368.984777,0.301676331,353,268,72,25,1.7,0.2,0.3,0.5,0.0093
3369.908299,0.301846906,603,709,71,26,1.8,0.2,0.3,0.5,0.0035
3370.83182,0.30201748,320,569,69,27,1.6,0.3,0.3,0.4,0.0029
3371.755342,0.302188054,734,572,72,25,1.8,0.2,0.3,0.5,0.0026
3372.678863,0.302358629,345,600,71,26,1.7,0.3,0.2,0.5,0.0012
3373.602384,0.302529203,674,379,70,27,1.8,0.2,0.3,0.4,0.0091
3374.525906,0.302699777,254,231,72,25,1.7,0.3,0.3,0.5,0.0096
3375.449427,0.302870352,795,732,71,26,1.8,0.2,0.2,0.5,0.0020
3376.372949,0.303040926,382,679,69,27,1.7,0.2,0.3,0.4,0.0007
3377.29647,0.3032115,726,772,70,27,1.8,0.2,0.3,0.5,0.0002
3378.219991,0.303382075,662,850,71,26,1.7,0.3,0.3,0.4,0.0090
3379.143513,0.303552649,291,469,72,25,1.8,0.2,0.3,0.5,0.0055
3380.067034,0.303723223,424,327,69,27,1.6,0.3,0.2,0.4,0.0079
3380.990556,0.303893798,282,714,70,27,1.7,0.2,0.3,0.5,0.0024
3381.914077,0.304064372,827,771,71,26,1.8,0.2,0.3,0.5,0.0041
3382.837599,0.304234947,616,579,72,25,1.7,0.2,0.3,0.5,0.0025
3383.76112,0.304405521,836,484,71,26,1.6,0.3,0.3,0.5,0.0002
3384.684641,0.304576095,808,695,69,27,1.8,0.2,0.3,0.4,0.0021
3385.608163,0.30474667,537,846,71,26,1.8,0.3,0.3,0.4,0.0038
3386.531684,0.304917244,839,668,70,27,1.7,0.2,0.3,0.5,0.0034
3387.455206,0.305087818,504,575,71,26,1.8,0.3,0.3,0.4,0.0087
3388.378727,0.305258393,750,272,72,25,1.7,0.3,0.3,0.5,0.0002
3389.302249,0.305428967,249,413,70,27,1.8,0.2,0.3,0.4,0.0038
3390.22577,0.305599541,807,900,71,26,1.7,0.3,0.3,0.4,0.0002
3391.149291,0.305770116,465,437,72,25,1.6,0.2,0.3,0.5,0.0032
3392.072813,0.30594069,850,522,71,26,1.8,0.2,0.3,0.4,0.0065
3392.996334,0.306111264,705,443,70,27,1.7,0.2,0.3,0.4,0.0057
3393.919856,0.306281839,394,240,71,26,1.8,0.3,0.3,0.5,0.0063
3394.843377,0.306452413,827,291,72,25,1.6,0.3,0.3,0.4,0.0034
3395.766899,0.306622987,463,737,70,27,1.8,0.3,0.3,0.5,0.0031
3396.69042,0.306793562,455,358,71,26,1.7,0.2,0.3,0.4,0.0016
3397.613941,0.306964136,736,334,72,25,1.8,0.3,0.3,0.5,0.0091
3398.537463,0.30713471,778,552,70,27,1.6,0.2,0.3,0.4,0.0063
3399.460984,0.307305285,467,829,71,26,1.7,0.3,0.3,0.5,0.0058
3400.384506,0.307475859,761,390,72,25,1.6,0.3,0.3,0.4,0.0011
3401.308027,0.307646434,374,210,71,26,1.7,0.3,0.3,0.5,0.0074
3402.231548,0.307817008,263,675,72,25,1.8,0.2,0.3,0.4,0.0033
3403.15507,0.307987582,868,369,70,27,1.7,0.2,0.3,0.5,0.0046
3404.078591,0.308158157,253,816,71,26,1.8,0.2,0.3,0.4,0.0045
3405.002113,0.308328731,665,488,70,27,1.7,0.2,0.3,0.4,0.0024
3405.925634,0.308499305,640,803,71,26,1.8,0.3,0.3,0.5,0.0038
3406.849156,0.30866988,201,501,72,25,1.7,0.3,0.3,0.4,0.0014
3407.772677,0.308840454,575,820,71,26,1.6,0.3,0.3,0.5,0.0007
3408.696198,0.309011028,278,470,70,27,1.8,0.2,0.3,0.5,0.0068
3409.61972,0.309181603,431,658,71,26,1.7,0.3,0.3,0.4,0.0026
3410.543241,0.309352177,795,487,70,27,1.6,0.2,0.3,0.5,0.0090
3411.466763,0.309522751,366,388,71,26,1.7,0.3,0.3,0.4,0.0023
3412.390284,0.309693326,259,393,72,25,1.8,0.3,0.3,0.5,0.0076
3413.313806,0.3098639,533,637,70,27,1.7,0.2,0.3,0.4,0.0009
3414.237327,0.310034474,483,546,72,25,1.6,0.2,0.3,0.5,0.0024
3415.160848,0.310205049,640,541,71,26,1.7,0.3,0.3,0.4,0.0015
3416.08437,0.310375623,410,447,72,25,1.6,0.2,0.3,0.4,0.0021
3417.007891,0.310546198,880,226,70,27,1.7,0.3,0.2,0.4,0.0043
3417.931413,0.310716772,827,586,71,26,1.8,0.2,0.3,0.5,0.0059
3418.854934,0.310887346,750,658,72,25,1.6,0.3,0.3,0.5,0.0058
3419.778456,0.311057921,669,535,71,26,1.7,0.2,0.3,0.4,0.0071
3420.701977,0.311228495,771,889,70,27,1.8,0.3,0.3,0.4,0.0085
3421.625498,0.311399069,471,878,71,26,1.7,0.3,0.3,0.5,0.0085
3422.54902,0.311569644,558,343,72,25,1.8,0.2,0.3,0.4,0.0014
3423.472541,0.311740218,820,288,71,26,1.6,0.2,0.3,0.5,0.0097
3424.396063,0.311910792,610,408,70,27,1.8,0.2,0.3,0.4,0.0019
3425.319584,0.312081367,495,698,71,26,1.7,0.3,0.3,0.4,0.0062
3426.243105,0.312251941,458,790,72,25,1.7,0.2,0.3,0.5,0.0013
3427.166627,0.312422515,371,422,70,27,1.6,0.2,0.3,0.4,0.0024
3428.090148,0.31259309,441,225,71,26,1.8,0.3,0.3,0.4,0.0037
3429.01367,0.312763664,742,824,72,25,1.7,0.2,0.3,0.5,0.0048
3429.937191,0.312934238,738,620,70,27,1.8,0.2,0.3,0.4,0.0022
3430.860713,0.313104813,495,228,71,26,1.7,0.2,0.3,0.4,0.0059
3431.784234,0.313275387,637,357,72,25,1.6,0.3,0.3,0.5,0.0027
3432.707755,0.313445961,492,735,71,26,1.7,0.2,0.3,0.4,0.0035
3433.631277,0.313616536,600,843,70,27,1.8,0.3,0.3,0.5,0.0057
3434.554798,0.31378711,452,801,71,26,1.7,0.3,0.3,0.4,0.0053
3435.47832,0.313957685,494,232,72,25,1.8,0.2,0.3,0.4,0.0038
3436.401841,0.314128259,520,613,71,26,1.7,0.3,0.3,0.4,0.0051
3437.325363,0.314298833,674,337,70,27,1.8,0.2,0.3,0.4,0.0000
3438.248884,0.314469408,438,419,71,26,1.7,0.3,0.3,0.5,0.0031
3439.172405,0.314639982,830,212,72,25,1.6,0.2,0.3,0.4,0.0007
3440.095927,0.314810556,649,813,71,26,1.8,0.3,0.3,0.4,0.0021
3441.019448,0.314981131,697,435,70,27,1.7,0.2,0.3,0.5,0.0091
3441.94297,0.315151705,809,736,72,25,1.7,0.3,0.3,0.4,0.0002
3442.866491,0.315322279,788,626,71,26,1.8,0.2,0.3,0.5,0.0042
3443.790012,0.315492854,627,607,70,27,1.6,0.3,0.3,0.4,0.0028
3444.713534,0.315663428,361,704,71,26,1.7,0.2,0.3,0.5,0.0082
3445.637055,0.315834002,289,465,72,25,1.8,0.3,0.3,0.4,0.0022
3446.560577,0.316004577,526,700,71,26,1.7,0.2,0.3,0.5,0.0047
3447.484098,0.316175151,612,865,72,25,1.6,0.3,0.3,0.4,0.0014
3448.40762,0.316345725,424,265,71,26,1.7,0.3,0.3,0.5,0.0018
3449.331141,0.3165163,429,578,70,27,1.8,0.2,0.3,0.4,0.0090
3450.254662,0.316686874,307,782,71,26,1.8,0.3,0.3,0.5,0.0031
3451.178184,0.316857448,394,446,70,27,1.7,0.2,0.3,0.4,0.0029
3452.101705,0.317028023,744,774,71,26,1.8,0.3,0.3,0.4,0.0064
3453.025227,0.317198597,252,896,72,25,1.7,0.2,0.3,0.5,0.0038
3453.948748,0.317369172,495,709,71,26,1.8,0.2,0.3,0.4,0.0032
3454.87227,0.317539746,204,457,70,27,1.7,0.3,0.3,0.5,0.0051
3455.795791,0.31771032,542,353,71,26,1.8,0.2,0.3,0.4,0.0013
3456.719312,0.317880895,444,220,72,25,1.7,0.2,0.3,0.5,0.0068
3457.642834,0.318051469,712,737,71,26,1.8,0.2,0.3,0.4,0.0030
3458.566355,0.318222043,741,712,70,27,1.7,0.3,0.3,0.5,0.0001
3459.489877,0.318392618,594,293,71,26,1.8,0.2,0.3,0.4,0.0021
3460.413398,0.318563192,471,342,72,25,1.7,0.2,0.3,0.5,0.0035
3461.33692,0.318733766,365,850,71,26,1.8,0.3,0.3,0.4,0.0084
3462.260441,0.318904341,279,239,70,27,1.7,0.2,0.3,0.5,0.0081
3463.183962,0.319074915,436,438,71,26,1.8,0.2,0.3,0.4,0.0040
3464.107484,0.319245489,306,566,72,25,1.7,0.3,0.3,0.5,0.0001
3465.031005,0.319416064,422,461,70,27,1.8,0.2,0.3,0.4,0.0062
3465.954527,0.319586638,679,249,71,26,1.8,0.3,0.3,0.4,0.0076
3466.878048,0.319757212,722,348,72,25,1.6,0.2,0.3,0.4,0.0046
3467.801569,0.319927787,572,245,71,26,1.7,0.3,0.3,0.4,0.0038
3468.725091,0.320098361,291,390,70,27,1.8,0.3,0.3,0.5,0.0004
3469.648612,0.320268936,858,610,71,26,1.7,0.2,0.3,0.4,0.0058
3470.572134,0.32043951,503,516,72,25,1.8,0.3,0.3,0.5,0.0034
3471.495655,0.320610084,412,640,70,27,1.7,0.2,0.3,0.4,0.0036
3472.419177,0.320780659,296,692,71,26,1.8,0.3,0.3,0.4,0.0024
3473.342698,0.320951233,310,577,72,25,1.6,0.2,0.3,0.5,0.0090
3474.266219,0.321121807,662,711,71,26,1.7,0.2,0.3,0.4,0.0045
3475.189741,0.321292382,567,726,70,27,1.8,0.2,0.3,0.4,0.0079
3476.113262,0.321462956,387,631,71,26,1.7,0.2,0.3,0.5,0.0077
3477.036784,0.32163353,252,760,72,25,1.6,0.3,0.3,0.4,0.0095
3477.960305,0.321804105,607,870,71,26,1.7,0.3,0.3,0.4,0.0010
3478.883827,0.321974679,206,235,70,27,1.8,0.2,0.3,0.5,0.0018
3479.807348,0.322145253,657,744,71,26,1.7,0.2,0.3,0.4,0.0014
3480.730869,0.322315828,622,240,72,25,1.6,0.3,0.3,0.5,0.0038
3481.654391,0.322486402,220,516,70,27,1.8,0.2,0.3,0.4,0.0026
3482.577912,0.322656976,505,510,71,26,1.7,0.3,0.3,0.4,0.0070
3483.501434,0.322827551,244,381,72,25,1.8,0.2,0.3,0.5,0.0041
3484.424955,0.322998125,761,741,71,26,1.7,0.2,0.3,0.4,0.0054
3485.348476,0.323168699,755,820,70,27,1.8,0.3,0.3,0.4,0.0022
3486.271998,0.323339274,285,796,71,26,1.7,0.2,0.3,0.5,0.0026
3487.195519,0.323509848,649,432,70,27,1.8,0.3,0.3,0.4,0.0033
3488.119041,0.323680423,242,893,71,26,1.7,0.2,0.3,0.5,0.0009
3489.042562,0.323850997,835,584,70,27,1.8,0.3,0.3,0.4,0.0087
3489.966084,0.324021571,557,505,71,26,1.8,0.2,0.3,0.4,0.0036
3490.889605,0.324192146,724,572,70,27,1.7,0.3,0.3,0.5,0.0043
3491.813126,0.32436272,883,392,71,26,1.7,0.2,0.3,0.4,0.0099
3492.736648,0.324533294,720,655,72,25,1.6,0.3,0.3,0.4,0.0099
3493.660169,0.324703869,410,853,71,26,1.8,0.2,0.3,0.5,0.0007
3494.583691,0.324874443,451,392,70,27,1.7,0.3,0.3,0.4,0.0067
3495.507212,0.325045017,631,510,71,26,1.7,0.2,0.3,0.5,0.0015
3496.430734,0.325215592,845,265,72,25,1.8,0.2,0.3,0.4,0.0094
3497.354255,0.325386166,603,302,70,27,1.8,0.2,0.3,0.4,0.0079
3498.277776,0.32555674,587,596,71,26,1.7,0.3,0.3,0.4,0.0074
3499.201298,0.325727315,556,511,70,27,1.8,0.3,0.3,0.5,0.0037
3500.124819,0.325897889,502,607,71,26,1.8,0.2,0.3,0.4,0.0075
3501.048341,0.326068463,490,795,70,27,1.7,0.3,0.3,0.4,0.0007
3501.971862,0.326239038,574,404,71,26,1.7,0.2,0.3,0.5,0.0013
3502.895384,0.326409612,823,854,72,25,1.6,0.2,0.3,0.5,0.0057
3503.818905,0.326580186,399,862,71,26,1.8,0.2,0.3,0.4,0.0049
3504.742426,0.326750761,801,323,72,25,1.7,0.3,0.3,0.4,0.0030
3505.665948,0.326921335,770,882,71,26,1.7,0.3,0.3,0.4,0.0066
3506.589469,0.32709191,720,320,72,25,1.8,0.3,0.3,0.5,0.0003
3507.512991,0.327262484,763,794,70,27,1.8,0.2,0.3,0.4,0.0100
3508.436512,0.327433058,589,615,71,26,1.7,0.2,0.3,0.5,0.0080
3509.360033,0.327603633,647,466,72,25,1.8,0.3,0.3,0.4,0.0012
3510.283555,0.327774207,536,557,71,26,1.8,0.2,0.3,0.4,0.0016
3511.207076,0.327944781,262,351,70,27,1.7,0.3,0.3,0.4,0.0098
3512.130598,0.328115356,345,710,71,26,1.7,0.3,0.3,0.4,0.0069
3513.054119,0.32828593,824,899,70,27,1.8,0.2,0.3,0.4,0.0047
3513.977641,0.328456504,423,370,71,26,1.8,0.3,0.3,0.5,0.0074
3514.901162,0.328627079,701,465,70,27,1.7,0.2,0.3,0.4,0.0027
3515.824683,0.328797653,245,527,71,26,1.8,0.3,0.3,0.4,0.0022
3516.748205,0.328968227,759,877,72,25,1.8,0.2,0.3,0.4,0.0087
3517.671726,0.329138802,869,600,71,26,1.8,0.3,0.3,0.4,0.0071
3518.595248,0.329309376,233,680,70,27,1.7,0.3,0.3,0.4,0.0024
3519.518769,0.32947995,291,836,72,25,1.7,0.3,0.3,0.5,0.0027
3520.442291,0.329650525,531,335,71,26,1.7,0.2,0.3,0.4,0.0042
3521.365812,0.329821099,507,698,70,27,1.8,0.2,0.3,0.4,0.0090
3522.289333,0.329991673,291,878,71,26,1.8,0.2,0.3,0.4,0.0043
3523.212855,0.330162248,652,691,70,27,1.7,0.2,0.3,0.5,0.0070
3524.136376,0.330332822,240,498,71,26,1.8,0.3,0.3,0.5,0.0041
3525.059898,0.330503397,854,825,71,26,1.8,0.2,0.3,0.4,0.0010
3525.983419,0.330673971,463,698,70,27,1.7,0.3,0.3,0.5,0.0021
3526.906941,0.330844545,207,308,71,26,1.7,0.2,0.3,0.4,0.0053
3527.830462,0.33101512,638,277,72,25,1.8,0.2,0.3,0.4,0.0037
3528.753983,0.331185694,788,268,70,27,1.7,0.3,0.3,0.4,0.0046
3529.677505,0.331356268,432,266,71,26,1.7,0.2,0.3,0.4,0.0037
3530.601026,0.331526843,399,882,72,25,1.8,0.2,0.3,0.5,0.0052
3531.524548,0.331697417,442,613,71,26,1.8,0.3,0.3,0.5,0.0016
3532.448069,0.331867991,865,645,70,27,1.8,0.2,0.3,0.4,0.0021
3533.37159,0.332038566,513,314,71,26,1.7,0.3,0.3,0.4,0.0025
3534.295112,0.33220914,282,574,72,25,1.8,0.2,0.3,0.5,0.0079
3535.218633,0.332379714,249,566,71,26,1.8,0.2,0.3,0.4,0.0035
3536.142155,0.332550289,290,438,72,25,1.7,0.3,0.3,0.4,0.0008
3537.065676,0.332720863,604,228,71,26,1.7,0.3,0.3,0.5,0.0041
3537.989198,0.332891437,700,700,70,27,1.8,0.2,0.3,0.4,0.0084
3538.912719,0.333062012,209,462,71,26,1.7,0.3,0.3,0.4,0.0073
3539.83624,0.333232586,794,858,72,25,1.8,0.3,0.3,0.5,0.0069
3540.759762,0.333403161,483,631,71,26,1.7,0.2,0.3,0.4,0.0068
3541.683283,0.333573735,336,731,72,25,1.7,0.3,0.3,0.4,0.0005
3542.606805,0.333744309,460,672,70,27,1.7,0.3,0.3,0.4,0.0068
3543.530326,0.333914884,874,570,71,26,1.8,0.3,0.3,0.5,0.0005
3544.453848,0.334085458,246,669,72,25,1.8,0.2,0.3,0.4,0.0058
3545.377369,0.334256032,364,246,71,26,1.7,0.3,0.3,0.4,0.0035
3546.30089,0.334426607,824,517,70,27,1.7,0.2,0.3,0.4,0.0029
3547.224412,0.334597181,446,855,71,26,1.7,0.3,0.3,0.4,0.0079
3548.147933,0.334767755,204,561,70,27,1.8,0.2,0.3,0.4,0.0004
3549.071455,0.33493833,838,640,71,26,1.8,0.2,0.3,0.5,0.0023
3549.994976,0.335108904,354,635,71,26,1.7,0.2,0.3,0.4,0.0088
3550.918497,0.335279478,299,445,70,27,1.8,0.2,0.3,0.4,0.0027
3551.842019,0.335450053,433,349,71,26,1.8,0.3,0.3,0.4,0.0057
3552.76554,0.335620627,628,663,70,27,1.7,0.2,0.3,0.4,0.0079
3553.689062,0.335791201,291,561,71,26,1.8,0.3,0.3,0.5,0.0058
3554.612583,0.335961776,621,858,70,27,1.8,0.3,0.3,0.4,0.0064
3555.536105,0.33613235,553,811,71,26,1.7,0.2,0.3,0.5,0.0088
3556.459626,0.336302924,479,375,70,27,1.7,0.3,0.3,0.4,0.0004
3557.383147,0.336473499,244,231,71,26,1.8,0.2,0.3,0.4,0.0012
3558.306669,0.336644073,275,534,70,27,1.8,0.3,0.3,0.5,0.0047
3559.23019,0.336814648,662,225,71,26,1.7,0.2,0.3,0.5,0.0069
3560.153712,0.336985222,856,403,70,27,1.8,0.3,0.3,0.4,0.0063
3561.077233,0.337155796,645,882,71,26,1.7,0.3,0.3,0.5,0.0080
3562.000755,0.337326371,227,314,70,27,1.8,0.2,0.3,0.4,0.0068
3562.924276,0.337496945,670,674,71,26,1.8,0.3,0.3,0.5,0.0059
3563.847797,0.337667519,740,586,70,27,1.8,0.2,0.3,0.4,0.0014
3564.771319,0.337838094,852,348,71,26,1.7,0.2,0.3,0.4,0.0030
3565.69484,0.338008668,890,267,70,27,1.8,0.2,0.3,0.5,0.0055
3566.618362,0.338179242,510,635,71,26,1.8,0.3,0.3,0.4,0.0015
3567.541883,0.338349817,564,888,70,27,1.8,0.3,0.3,0.4,0.0024
3568.465405,0.338520391,776,644,71,26,1.7,0.2,0.3,0.5,0.0094
3569.388926,0.338690965,841,499,70,27,1.8,0.3,0.3,0.5,0.0022
3570.312447,0.33886154,303,282,71,26,1.7,0.2,0.3,0.4,0.0062
3571.235969,0.339032114,832,353,70,27,1.8,0.3,0.3,0.4,0.0008
3572.15949,0.339202688,502,335,71,26,1.8,0.3,0.3,0.5,0.0017
3573.083012,0.339373263,613,360,70,27,1.8,0.2,0.3,0.4,0.0067
3574.006533,0.339543837,647,281,71,26,1.7,0.3,0.3,0.4,0.0096
3574.930054,0.339714411,792,843,70,27,1.8,0.2,0.3,0.5,0.0008
3575.853576,0.339884986,873,888,71,26,1.7,0.3,0.3,0.4,0.0003
3576.777097,0.34005556,710,745,70,27,1.8,0.2,0.3,0.4,0.0065
3577.700619,0.340226135,349,680,71,26,1.8,0.3,0.3,0.5,0.0010
3578.62414,0.340396709,408,414,70,27,1.7,0.2,0.3,0.5,0.0080
3579.547662,0.340567283,561,332,71,26,1.8,0.3,0.3,0.4,0.0044
3580.471183,0.340737858,667,490,70,27,1.7,0.3,0.3,0.4,0.0092
3581.394704,0.340908432,637,739,71,26,1.8,0.2,0.3,0.4,0.0083
3582.318226,0.341079006,274,579,70,27,1.8,0.3,0.3,0.4,0.0036
3583.241747,0.341249581,596,242,71,26,1.7,0.3,0.3,0.5,0.0099
3584.165269,0.341420155,782,634,70,27,1.8,0.2,0.3,0.4,0.0074
3585.08879,0.341590729,381,728,71,26,1.7,0.2,0.3,0.5,0.0043
3586.012312,0.341761304,726,689,70,27,1.8,0.3,0.3,0.5,0.0037
3586.935833,0.341931878,319,288,71,26,1.7,0.3,0.3,0.4,0.0063
3587.859354,0.342102452,470,621,70,27,1.8,0.2,0.3,0.5,0.0019
3588.782876,0.342273027,673,403,71,26,1.7,0.3,0.3,0.5,0.0071
3589.706397,0.342443601,862,565,70,27,1.8,0.2,0.3,0.4,0.0079
3590.629919,0.342614175,662,888,71,26,1.8,0.3,0.3,0.4,0.0028
3591.55344,0.34278475,619,219,70,27,1.7,0.3,0.3,0.4,0.0047
3592.476961,0.342955324,439,716,71,26,1.8,0.2,0.3,0.4,0.0048
3593.400483,0.343125899,736,751,70,27,1.7,0.3,0.3,0.4,0.0060
3594.324004,0.343296473,865,223,71,26,1.7,0.2,0.3,0.4,0.0074
3595.247526,0.343467047,773,701,70,27,1.8,0.3,0.3,0.4,0.0005
3596.171047,0.343637622,700,404,71,26,1.7,0.2,0.3,0.4,0.0038
3597.094569,0.343808196,817,262,70,27,1.8,0.3,0.3,0.5,0.0085
3598.01809,0.34397877,766,606,71,26,1.7,0.3,0.3,0.4,0.0036
3598.941611,0.344149345,482,876,70,27,1.8,0.2,0.3,0.4,0.0059
3599.865133,0.344319919,713,819,71,26,1.8,0.3,0.3,0.5,0.0036
3600.788654,0.344490493,278,229,70,27,1.8,0.2,0.3,0.4,0.0048
3601.712176,0.344661068,362,453,71,26,1.7,0.2,0.3,0.4,0.0035
3602.635697,0.344831642,378,898,70,27,1.7,0.3,0.3,0.4,0.0053
3603.559219,0.345002216,676,461,71,26,1.7,0.3,0.3,0.5,0.0096
3604.48274,0.345172791,215,216,70,27,1.8,0.2,0.3,0.4,0.0064
3605.406261,0.345343365,718,685,71,26,1.7,0.3,0.3,0.4,0.0054
3606.329783,0.345513939,243,205,70,27,1.8,0.2,0.3,0.5,0.0030
3607.253304,0.345684514,547,380,71,26,1.8,0.3,0.3,0.5,0.0099
3608.176826,0.345855088,205,698,71,26,1.8,0.2,0.3,0.4,0.0085
3609.100347,0.346025662,873,442,70,27,1.8,0.2,0.3,0.5,0.0089
3610.023869,0.346196237,813,308,71,26,1.7,0.3,0.3,0.4,0.0037
3610.94739,0.346366811,810,891,70,27,1.8,0.2,0.3,0.4,0.0012
3611.870911,0.346537386,607,272,71,26,1.8,0.3,0.3,0.5,0.0094
3612.794433,0.34670796,358,900,70,27,1.7,0.3,0.3,0.4,0.0057
3613.717954,0.346878534,338,206,71,26,1.7,0.3,0.3,0.4,0.0054
3614.641476,0.347049109,427,671,70,27,1.8,0.2,0.3,0.4,0.0039
3615.564997,0.347219683,532,898,71,26,1.8,0.2,0.3,0.5,0.0047
3616.488518,0.347390257,279,801,70,27,1.7,0.2,0.3,0.4,0.0091
3617.41204,0.347560832,741,694,71,26,1.8,0.3,0.3,0.4,0.0074
3618.335561,0.347731406,511,790,70,27,1.7,0.3,0.3,0.4,0.0066
3619.259083,0.34790198,743,659,71,26,1.7,0.3,0.3,0.4,0.0093
3620.182604,0.348072555,677,775,70,27,1.8,0.3,0.3,0.4,0.0010
3621.106126,0.348243129,870,629,71,26,1.8,0.2,0.3,0.4,0.0099
3622.029647,0.348413703,234,332,70,27,1.8,0.2,0.3,0.5,0.0074
3622.953168,0.348584278,734,594,71,26,1.7,0.3,0.3,0.4,0.0067
3623.87669,0.348754852,804,417,70,27,1.8,0.3,0.3,0.4,0.0055
3624.800211,0.348925426,342,717,71,26,1.8,0.3,0.3,0.4,0.0037
3625.723733,0.349096001,732,404,70,27,1.7,0.2,0.3,0.4,0.0032
3626.647254,0.349266575,867,852,71,26,1.8,0.3,0.3,0.4,0.0033
3627.570776,0.349437149,474,819,70,27,1.7,0.2,0.3,0.4,0.0032
3628.494297,0.349607724,356,489,71,26,1.8,0.3,0.3,0.5,0.0074
3629.417818,0.349778298,557,582,70,27,1.7,0.2,0.3,0.5,0.0033
3630.34134,0.349948873,429,257,71,26,1.7,0.3,0.3,0.4,0.0099
3631.264861,0.350119447,600,298,70,27,1.8,0.2,0.3,0.4,0.0057
3632.188383,0.350290021,711,668,71,26,1.7,0.3,0.3,0.4,0.0088
3633.111904,0.350460596,751,624,70,27,1.8,0.2,0.3,0.4,0.0045
3634.035425,0.35063117,421,434,71,26,1.7,0.3,0.3,0.5,0.0060
3634.958947,0.350801744,413,682,70,27,1.8,0.3,0.3,0.4,0.0053
3635.882468,0.350972319,552,788,71,26,1.7,0.3,0.3,0.5,0.0002
3636.80599,0.351142893,812,493,70,27,1.7,0.3,0.3,0.4,0.0011
3637.729511,0.351313467,610,224,71,26,1.7,0.3,0.3,0.4,0.0074
3638.653033,0.351484042,635,843,70,27,1.8,0.3,0.3,0.5,0.0030
3639.576554,0.351654616,378,839,71,26,1.8,0.3,0.3,0.4,0.0031
3640.500075,0.35182519,587,542,70,27,1.7,0.3,0.3,0.4,0.0094
3641.423597,0.351995765,244,789,71,26,1.8,0.3,0.3,0.4,0.0020
3642.347118,0.352166339,822,725,70,27,1.7,0.3,0.3,0.5,0.0059
3643.27064,0.352336913,600,737,71,26,1.8,0.3,0.3,0.4,0.0024
3644.194161,0.352507488,232,825,70,27,1.8,0.3,0.3,0.4,0.0093
3645.117683,0.352678062,371,803,71,26,1.7,0.3,0.3,0.4,0.0001
3646.041204,0.352848636,635,757,70,27,1.8,0.3,0.3,0.5,0.0098
3646.964725,0.353019211,485,746,71,26,1.7,0.3,0.3,0.4,0.0040
3647.888247,0.353189785,802,302,70,27,1.8,0.2,0.3,0.5,0.0096
3648.811768,0.35336036,301,618,71,26,1.7,0.3,0.3,0.4,0.0011
3649.73529,0.353530934,851,535,70,27,1.8,0.2,0.3,0.4,0.0008
3650.658811,0.353701508,328,481,71,26,1.8,0.3,0.3,0.5,0.0028
3651.582333,0.353872083,539,219,70,27,1.7,0.2,0.3,0.5,0.0001
3652.505854,0.354042657,879,678,71,26,1.7,0.3,0.3,0.4,0.0081
3653.429375,0.354213231,836,413,70,27,1.8,0.2,0.3,0.4,0.0075
3654.352897,0.354383806,769,370,71,26,1.8,0.3,0.3,0.4,0.0053
3655.276418,0.35455438,499,313,70,27,1.7,0.3,0.3,0.4,0.0007
3656.19994,0.354724954,894,779,71,26,1.7,0.3,0.3,0.4,0.0050
3657.123461,0.354895529,888,259,70,27,1.8,0.2,0.3,0.5,0.0032
3658.046982,0.355066103,734,344,71,26,1.7,0.3,0.3,0.4,0.0007
3658.970504,0.355236677,284,622,70,27,1.8,0.2,0.3,0.4,0.0077
3659.894025,0.355407252,471,423,71,26,1.7,0.3,0.3,0.4,0.0062
3660.817547,0.355577826,248,828,70,27,1.8,0.3,0.3,0.4,0.0078
3661.741068,0.3557484,678,895,71,26,1.8,0.3,0.3,0.4,0.0018
3662.66459,0.355918975,402,421,70,27,1.8,0.3,0.3,0.4,0.0068
3663.588111,0.356089549,288,617,71,26,1.8,0.3,0.3,0.5,0.0039
3664.511632,0.356260124,896,405,70,27,1.8,0.3,0.3,0.4,0.0016
3665.435154,0.356430698,422,571,71,26,1.7,0.2,0.3,0.4,0.0076
3666.358675,0.356601272,366,851,70,27,1.7,0.3,0.3,0.4,0.0011
3667.282197,0.356771847,572,825,71,26,1.7,0.2,0.3,0.4,0.0075
3668.205718,0.356942421,800,882,70,27,1.8,0.2,0.3,0.4,0.0020
3669.12924,0.357112995,811,892,71,26,1.7,0.2,0.3,0.4,0.0050
3670.052761,0.35728357,599,635,70,27,1.7,0.3,0.3,0.4,0.0076
3670.976282,0.357454144,343,650,71,26,1.8,0.3,0.3,0.4,0.0052
3671.899804,0.357624718,878,675,70,27,1.8,0.2,0.3,0.4,0.0064
3672.823325,0.357795293,385,564,71,26,1.7,0.2,0.3,0.4,0.0067
3673.746847,0.357965867,665,344,70,27,1.7,0.3,0.3,0.4,0.0095
3674.670368,0.358136441,255,273,71,26,1.8,0.2,0.3,0.4,0.0056
3675.59389,0.358307016,342,841,70,27,1.8,0.3,0.3,0.4,0.0022
3676.517411,0.35847759,870,480,71,26,1.7,0.2,0.3,0.4,0.0038
3677.440932,0.358648164,358,623,70,27,1.7,0.2,0.3,0.4,0.0056
3678.364454,0.358818739,271,806,71,26,1.7,0.3,0.3,0.4,0.0035
3679.287975,0.358989313,705,383,70,27,1.8,0.3,0.3,0.4,0.0059
3680.211497,0.359159887,801,606,71,26,1.8,0.3,0.3,0.4,0.0072
3681.135018,0.359330462,644,838,70,27,1.8,0.3,0.3,0.4,0.0067
3682.058539,0.359501036,380,561,71,26,1.7,0.3,0.3,0.4,0.0062
3682.982061,0.359671611,671,581,70,27,1.8,0.2,0.3,0.4,0.0042
3683.905582,0.359842185,527,823,71,26,1.8,0.3,0.3,0.4,0.0004
3684.829104,0.360012759,634,852,70,27,1.8,0.2,0.3,0.4,0.0089
3685.752625,0.360183334,807,343,71,26,1.8,0.3,0.3,0.4,0.0014
3686.676147,0.360353908,544,778,70,27,1.8,0.3,0.3,0.4,0.0058
3687.599668,0.360524482,578,660,71,26,1.8,0.3,0.3,0.4,0.0008
3688.523189,0.360695057,529,622,70,27,1.7,0.3,0.3,0.4,0.0088
3689.446711,0.360865631,268,773,71,26,1.8,0.3,0.3,0.4,0.0010
3690.370232,0.361036205,340,668,70,27,1.8,0.3,0.3,0.4,0.0016
3691.293754,0.36120678,630,244,70,27,1.8,0.3,0.3,0.4,0.0045
3692.217275,0.361377354,301,535,71,26,1.8,0.3,0.3,0.4,0.0097
3693.140797,0.361547928,842,842,70,27,1.8,0.3,0.3,0.4,0.0043
3694.064318,0.361718503,627,336,71,26,1.8,0.3,0.3,0.4,0.0043
3694.987839,0.361889077,402,391,70,27,1.8,0.3,0.3,0.4,0.0064
3695.911361,0.362059651,776,519,71,26,1.7,0.3,0.3,0.4,0.0042
3696.834882,0.362230226,605,389,70,27,1.8,0.3,0.3,0.4,0.0014
3697.758404,0.3624008,654,720,71,26,1.7,0.3,0.3,0.4,0.0054
3698.681925,0.362571374,452,609,70,27,1.7,0.3,0.3,0.4,0.0074
3699.605446,0.362741949,652,779,71,26,1.7,0.3,0.3,0.4,0.0091
3700.528968,0.362912523,879,860,70,27,1.8,0.3,0.3,0.4,0.0043
3701.452489,0.363083098,480,485,71,26,1.7,0.3,0.3,0.4,0.0027
3702.376011,0.363253672,480,854,70,27,1.8,0.3,0.3,0.4,0.0087
3703.299532,0.363424246,792,681,71,26,1.8,0.3,0.3,0.4,0.0003
3704.223054,0.363594821,502,361,70,27,1.8,0.3,0.3,0.4,0.0066
3705.146575,0.363765395,711,809,71,26,1.8,0.3,0.3,0.4,0.0004
3706.070096,0.363935969,572,314,70,27,1.8,0.3,0.3,0.4,0.0051
3706.993618,0.364106544,206,682,71,26,1.8,0.3,0.3,0.4,0.0016
3707.917139,0.364277118,217,374,70,27,1.7,0.3,0.3,0.4,0.0061
3708.840661,0.364447692,200,783,71,26,1.8,0.3,0.3,0.4,0.0043
3709.764182,0.364618267,879,218,70,27,1.8,0.3,0.3,0.4,0.0094
3710.687704,0.364788841,560,305,71,26,1.7,0.3,0.3,0.4,0.0049
3711.611225,0.364959415,868,482,70,27,1.7,0.3,0.3,0.4,0.0064
3712.534746,0.36512999,723,637,71,26,1.7,0.3,0.3,0.4,0.0023
3713.458268,0.365300564,423,719,70,27,1.7,0.3,0.3,0.4,0.0049
3714.381789,0.365471138,655,750,71,26,1.7,0.3,0.3,0.4,0.0040
3715.305311,0.365641713,726,579,70,27,1.8,0.3,0.3,0.4,0.0004
3716.228832,0.365812287,457,640,71,26,1.7,0.3,0.3,0.4,0.0055
3717.152354,0.365982862,236,762,70,27,1.8,0.3,0.3,0.4,0.0065
3718.075875,0.366153436,745,745,71,26,1.7,0.3,0.3,0.4,0.0021
3718.999396,0.36632401,227,603,70,27,1.7,0.3,0.3,0.4,0.0024
3719.922918,0.366494585,260,480,71,26,1.8,0.3,0.3,0.4,0.0071
3720.846439,0.366665159,499,542,70,27,1.7,0.3,0.3,0.4,0.0081
3721.769961,0.366835733,865,695,71,26,1.8,0.3,0.3,0.4,0.0082
3722.693482,0.367006308,537,827,70,27,1.7,0.3,0.3,0.4,0.0054
3723.617003,0.367176882,769,741,71,26,1.7,0.3,0.3,0.4,0.0004
3724.540525,0.367347456,424,415,70,27,1.8,0.3,0.3,0.4,0.0048
3725.464046,0.367518031,660,403,71,26,1.7,0.3,0.3,0.4,0.0067
3726.387568,0.367688605,349,275,70,27,1.8,0.3,0.3,0.4,0.0036
3727.311089,0.367859179,722,335,71,26,1.8,0.3,0.3,0.4,0.0035
3728.234611,0.368029754,583,840,70,27,1.7,0.3,0.3,0.4,0.0094
3729.158132,0.368200328,274,877,71,26,1.8,0.3,0.3,0.4,0.0044
3730.081653,0.368370902,534,571,70,27,1.8,0.3,0.3,0.4,0.0036
3731.005175,0.368541477,620,779,71,26,1.7,0.3,0.3,0.4,0.0023
3731.928696,0.368712051,462,723,70,27,1.8,0.3,0.3,0.4,0.0099
3732.852218,0.368882625,792,602,71,26,1.8,0.3,0.3,0.4,0.0019
3733.775739,0.3690532,488,708,70,27,1.7,0.3,0.3,0.4,0.0009
3734.699261,0.369223774,559,240,71,26,1.7,0.3,0.3,0.4,0.0061
3735.622782,0.369394349,791,507,70,27,1.8,0.3,0.3,0.4,0.0079
3736.546303,0.369564923,726,211,71,26,1.8,0.3,0.3,0.4,0.0064
3737.469825,0.369735497,282,211,70,27,1.8,0.3,0.3,0.4,0.0036
3738.393346,0.369906072,559,576,71,26,1.8,0.3,0.3,0.4,0.0070
3739.316868,0.370076646,278,410,70,27,1.8,0.3,0.3,0.4,0.0019
3740.240389,0.37024722,609,394,71,26,1.8,0.3,0.3,0.4,0.0080
3741.16391,0.370417795,266,248,70,27,1.8,0.3,0.3,0.4,0.0067
3742.087432,0.370588369,444,318,71,26,1.8,0.3,0.3,0.4,0.0060
3743.010953,0.370758943,780,589,70,27,1.8,0.3,0.3,0.4,0.0010
3743.934475,0.370929518,487,209,71,26,1.8,0.3,0.3,0.4,0.0100
3744.857996,0.371100092,372,712,70,27,1.8,0.3,0.3,0.4,0.0044
3745.781518,0.371270666,876,821,71,26,1.8,0.3,0.3,0.4,0.0076
3746.705039,0.371441241,872,484,70,27,1.8,0.3,0.3,0.4,0.0068
3747.62856,0.371611815,631,543,71,26,1.8,0.3,0.3,0.4,0.0014
3748.552082,0.371782389,642,397,70,27,1.8,0.3,0.3,0.4,0.0011
3749.475603,0.371952964,742,361,71,26,1.8,0.3,0.3,0.4,0.0039
3750.399125,0.372123538,244,727,70,27,1.8,0.3,0.3,0.4,0.0088
3751.322646,0.372294112,707,873,71,26,1.8,0.3,0.3,0.4,0.0005
3752.246168,0.372464687,702,578,70,27,1.8,0.3,0.3,0.4,0.0036
3753.169689,0.372635261,670,416,71,26,1.8,0.3,0.3,0.4,0.0039
3754.09321,0.372805836,528,433,70,27,1.8,0.3,0.3,0.4,0.0010
3755.016732,0.37297641,245,307,71,26,1.8,0.3,0.3,0.4,0.0070
3755.940253,0.373146984,871,609,70,27,1.8,0.3,0.3,0.4,0.0080
3756.863775,0.373317559,633,729,71,26,1.8,0.3,0.3,0.4,0.0042
3757.787296,0.373488133,810,677,70,27,1.8,0.3,0.3,0.4,0.0033
3758.710818,0.373658707,411,480,71,26,1.8,0.3,0.3,0.4,0.0059
3759.634339,0.373829282,492,833,70,27,1.8,0.3,0.3,0.4,0.0100
3760.55786,0.373999856,688,302,71,26,1.8,0.3,0.3,0.4,0.0016
3761.481382,0.37417043,593,264,70,27,1.8,0.3,0.3,0.4,0.0006
3762.404903,0.374341005,525,382,71,26,1.8,0.3,0.3,0.4,0.0082
3763.328425,0.374511579,630,348,70,27,1.8,0.3,0.3,0.4,0.0011
3764.251946,0.374682153,333,293,71,26,1.8,0.3,0.3,0.4,0.0086
3765.175467,0.374852728,851,789,70,27,1.8,0.3,0.3,0.4,0.0056
3766.098989,0.375023302,327,878,71,26,1.8,0.3,0.3,0.4,0.0076
3767.02251,0.375193876,435,879,70,27,1.8,0.3,0.3,0.4,0.0000
3767.946032,0.375364451,845,695,71,26,1.8,0.3,0.3,0.4,0.0084
3768.869553,0.375535025,751,688,70,27,1.8,0.3,0.3,0.4,0.0053
3769.793075,0.375705599,232,613,71,26,1.8,0.3,0.3,0.4,0.0052
3770.716596,0.375876174,515,409,70,27,1.8,0.3,0.3,0.4,0.0033
3771.640117,0.376046748,384,303,71,26,1.8,0.3,0.3,0.4,0.0060
3772.563639,0.376217323,409,553,70,27,1.8,0.3,0.3,0.4,0.0065
3773.48716,0.376387897,574,784,71,26,1.8,0.3,0.3,0.4,0.0084
3774.410682,0.376558471,311,758,71,26,1.8,0.3,0.3,0.4,0.0004
3775.334203,0.376729046,574,840,70,27,1.8,0.3,0.3,0.4,0.0075
3776.257725,0.37689962,888,298,71,26,1.8,0.3,0.3,0.4,0.0098
3777.181246,0.377070194,277,219,70,27,1.8,0.3,0.3,0.4,0.0046
3778.104767,0.377240769,583,685,71,26,1.8,0.3,0.3,0.4,0.0030
3779.028289,0.377411343,506,621,70,27,1.8,0.3,0.3,0.4,0.0075
3779.95181,0.377581917,791,257,71,26,1.8,0.3,0.3,0.4,0.0004
3780.875332,0.377752492,712,648,70,27,1.8,0.3,0.3,0.4,0.0025
3781.798853,0.377923066,370,320,71,26,1.8,0.3,0.3,0.4,0.0002
3782.722375,0.37809364,867,333,70,27,1.8,0.3,0.3,0.4,0.0004
3783.645896,0.378264215,221,839,71,26,1.8,0.3,0.3,0.4,0.0032
3784.569417,0.378434789,832,234,70,27,1.8,0.3,0.3,0.4,0.0038
3785.492939,0.378605363,547,292,71,26,1.8,0.3,0.3,0.4,0.0076
3786.41646,0.378775938,668,329,70,27,1.8,0.3,0.3,0.4,0.0074
3787.339982,0.378946512,274,675,71,26,1.8,0.3,0.3,0.4,0.0089
3788.263503,0.379117087,635,377,70,27,1.8,0.3,0.3,0.4,0.0080
3789.187024,0.379287661,244,601,71,26,1.8,0.3,0.3,0.4,0.0000
3790.110546,0.379458235,612,434,70,27,1.8,0.3,0.3,0.4,0.0036
3791.034067,0.37962881,793,684,71,26,1.8,0.3,0.3,0.4,0.0032
3791.957589,0.379799384,212,541,70,27,1.8,0.3,0.3,0.4,0.0046
3792.88111,0.379969958,611,260,71,26,1.8,0.3,0.3,0.4,0.0075
3793.804632,0.380140533,868,243,70,27,1.8,0.3,0.3,0.4,0.0044
3794.728153,0.380311107,865,252,71,26,1.8,0.3,0.3,0.4,0.0097
3795.651674,0.380481681,707,315,70,27,1.8,0.3,0.3,0.4,0.0003
3796.575196,0.380652256,518,532,71,26,1.8,0.3,0.3,0.4,0.0062
3797.498717,0.38082283,343,424,70,27,1.8,0.3,0.3,0.4,0.0039
3798.422239,0.380993404,412,684,71,26,1.8,0.3,0.3,0.4,0.0046
3799.34576,0.381163979,464,624,70,27,1.8,0.3,0.3,0.4,0.0036
3800.269282,0.381334553,539,480,71,26,1.8,0.3,0.3,0.4,0.0039
3801.192803,0.381505127,306,654,70,27,1.8,0.3,0.3,0.4,0.0074
3802.116324,0.381675702,715,619,71,26,1.8,0.3,0.3,0.4,0.0026
3803.039846,0.381846276,293,790,70,27,1.8,0.3,0.3,0.4,0.0052
3803.963367,0.38201685,609,849,71,26,1.8,0.3,0.3,0.4,0.0055
3804.886889,0.382187425,898,707,70,27,1.8,0.3,0.3,0.4,0.0010
3805.81041,0.382357999,744,472,71,26,1.8,0.3,0.3,0.4,0.0053
3806.733931,0.382528574,457,466,70,27,1.8,0.3,0.3,0.4,0.0095
3807.657453,0.382699148,844,433,71,26,1.8,0.3,0.3,0.4,0.0035
3808.580974,0.382869722,262,755,70,27,1.8,0.3,0.3,0.4,0.0073
3809.504496,0.383040297,376,394,71,26,1.8,0.3,0.3,0.4,0.0012
3810.428017,0.383210871,769,521,70,27,1.8,0.3,0.3,0.4,0.0007
3811.351539,0.383381445,336,289,71,26,1.8,0.3,0.3,0.4,0.0035
3812.27506,0.38355202,304,518,70,27,1.8,0.3,0.3,0.4,0.0086
3813.198581,0.383722594,368,536,71,26,1.8,0.3,0.3,0.4,0.0082
3814.122103,0.383893168,431,242,70,27,1.8,0.3,0.3,0.4,0.0026
3815.045624,0.384063743,235,758,71,26,1.8,0.3,0.3,0.4,0.0092
3815.969146,0.384234317,326,569,70,27,1.8,0.3,0.3,0.4,0.0015
3816.892667,0.384404891,526,547,71,26,1.8,0.3,0.3,0.4,0.0046
3817.816189,0.384575466,817,797,70,27,1.8,0.3,0.3,0.4,0.0079
3818.73971,0.38474604,273,671,71,26,1.8,0.3,0.3,0.4,0.0074
3819.663231,0.384916614,621,619,70,27,1.8,0.3,0.3,0.4,0.0009
3820.586753,0.385087189,750,202,71,26,1.8,0.3,0.3,0.4,0.0029
3821.510274,0.385257763,359,427,70,27,1.8,0.3,0.3,0.4,0.0089
3822.433796,0.385428337,423,350,71,26,1.8,0.3,0.3,0.4,0.0051
3823.357317,0.385598912,705,703,70,27,1.8,0.3,0.3,0.4,0.0075
3824.280839,0.385769486,893,664,71,26,1.8,0.3,0.3,0.4,0.0060
3825.20436,0.385940061,654,882,70,27,1.8,0.3,0.3,0.4,0.0086
3826.127881,0.386110635,731,337,71,26,1.8,0.3,0.3,0.4,0.0058
3827.051403,0.386281209,876,357,70,27,1.8,0.3,0.3,0.4,0.0052
3827.974924,0.386451784,765,256,71,26,1.8,0.3,0.3,0.4,0.0072
3828.898446,0.386622358,743,350,70,27,1.8,0.3,0.3,0.4,0.0028
3829.821967,0.386792932,319,530,71,26,1.8,0.3,0.3,0.4,0.0048
3830.745488,0.386963507,493,712,70,27,1.8,0.3,0.3,0.4,0.0087
3831.66901,0.387134081,729,734,71,26,1.8,0.3,0.3,0.4,0.0038
3832.592531,0.387304655,512,232,70,27,1.8,0.3,0.3,0.4,0.0085
3833.516053,0.38747523,586,723,71,26,1.8,0.3,0.3,0.4,0.0081
3834.439574,0.387645804,641,235,70,27,1.8,0.3,0.3,0.4,0.0081
3835.363096,0.387816378,205,881,71,26,1.8,0.3,0.3,0.4,0.0077
3836.286617,0.387986953,201,243,70,27,1.8,0.3,0.3,0.4,0.0068
3837.210138,0.388157527,358,792,71,26,1.8,0.3,0.3,0.4,0.0072
3838.13366,0.388328101,675,219,70,27,1.8,0.3,0.3,0.4,0.0083
3839.057181,0.388498676,828,592,71,26,1.8,0.3,0.3,0.4,0.0023
3839.980703,0.38866925,509,846,70,27,1.8,0.3,0.3,0.4,0.0024
3840.904224,0.388839825,330,759,71,26,1.8,0.3,0.3,0.4,0.0079
3841.827746,0.389010399,406,309,70,27,1.8,0.3,0.3,0.4,0.0023
3842.751267,0.389180973,442,728,71,26,1.8,0.3,0.3,0.4,0.0058
3843.674788,0.389351548,728,544,70,27,1.8,0.3,0.3,0.4,0.0075
3844.59831,0.389522122,243,405,71,26,1.8,0.3,0.3,0.4,0.0028
3845.521831,0.389692696,290,836,70,27,1.8,0.3,0.3,0.4,0.0028
3846.445353,0.389863271,477,240,71,26,1.8,0.3,0.3,0.4,0.0098
3847.368874,0.390033845,750,838,70,27,1.8,0.3,0.3,0.4,0.0055
3848.292395,0.390204419,205,347,71,26,1.8,0.3,0.3,0.4,0.0016
3849.215917,0.390374994,667,488,70,27,1.8,0.3,0.3,0.4,0.0043
3850.139438,0.390545568,348,678,71,26,1.8,0.3,0.3,0.4,0.0033
3851.06296,0.390716142,313,735,70,27,1.8,0.3,0.3,0.4,0.0062
3851.986481,0.390886717,430,529,71,26,1.8,0.3,0.3,0.4,0.0053
3852.910003,0.391057291,844,643,70,27,1.8,0.3,0.3,0.4,0.0094
3853.833524,0.391227865,840,449,71,26,1.8,0.3,0.3,0.4,0.0084
3854.757045,0.39139844,839,469,70,27,1.8,0.3,0.3,0.4,0.0059
3855.680567,0.391569014,632,665,71,26,1.8,0.3,0.3,0.4,0.0059
3856.604088,0.391739588,609,316,70,27,1.8,0.3,0.3,0.4,0.0010
3857.52761,0.391910163,344,580,70,27,1.8,0.3,0.3,0.4,0.0035
3858.451131,0.392080737,508,321,71,26,1.8,0.3,0.3,0.4,0.0026
3859.374653,0.392251312,549,429,70,27,1.8,0.3,0.3,0.4,0.0010
3860.298174,0.392421886,797,293,71,26,1.8,0.3,0.3,0.4,0.0029
3861.221695,0.39259246,721,502,70,27,1.8,0.3,0.3,0.4,0.0043
3862.145217,0.392763035,356,487,71,26,1.8,0.3,0.3,0.4,0.0084
3863.068738,0.392933609,222,526,70,27,1.8,0.3,0.3,0.4,0.0064
3863.99226,0.393104183,460,667,71,26,1.8,0.3,0.3,0.4,0.0086
3864.915781,0.393274758,886,771,70,27,1.8,0.3,0.3,0.4,0.0071
3865.839303,0.393445332,403,801,71,26,1.8,0.3,0.3,0.4,0.0019
3866.762824,0.393615906,518,218,70,27,1.8,0.3,0.3,0.4,0.0067
3867.686345,0.393786481,348,316,71,26,1.8,0.3,0.3,0.4,0.0068
3868.609867,0.393957055,559,484,70,27,1.8,0.3,0.3,0.4,0.0062
3869.533388,0.394127629,812,664,71,26,1.8,0.3,0.3,0.4,0.0033
3870.45691,0.394298204,229,789,70,27,1.8,0.3,0.3,0.4,0.0019
3871.380431,0.394468778,540,652,71,26,1.8,0.3,0.3,0.4,0.0030
3872.303952,0.394639352,397,412,70,27,1.8,0.3,0.3,0.4,0.0065
3873.227474,0.394809927,324,779,71,26,1.8,0.3,0.3,0.4,0.0054
3874.150995,0.394980501,397,439,70,27,1.8,0.3,0.3,0.4,0.0053
3875.074517,0.395151075,285,580,71,26,1.8,0.3,0.3,0.4,0.0099
3875.998038,0.39532165,428,472,70,27,1.8,0.3,0.3,0.4,0.0075
3876.92156,0.395492224,388,229,71,26,1.8,0.3,0.3,0.4,0.0077
3877.845081,0.395662799,205,581,70,27,1.8,0.3,0.3,0.4,0.0067
3878.768602,0.395833373,794,273,71,26,1.8,0.3,0.3,0.4,0.0044
3879.692124,0.396003947,246,705,70,27,1.8,0.3,0.3,0.4,0.0015
3880.615645,0.396174522,703,245,71,26,1.8,0.3,0.3,0.4,0.0084
3881.539167,0.396345096,700,798,70,27,1.8,0.3,0.3,0.4,0.0008
3882.462688,0.39651567,523,246,71,26,1.8,0.3,0.3,0.4,0.0024
3883.38621,0.396686245,459,413,70,27,1.8,0.3,0.3,0.4,0.0082
3884.309731,0.396856819,796,594,71,26,1.8,0.3,0.3,0.4,0.0017
3885.233252,0.397027393,412,299,70,27,1.8,0.3,0.3,0.4,0.0035
3886.156774,0.397197968,287,297,71,26,1.8,0.3,0.3,0.4,0.0045
3887.080295,0.397368542,508,474,70,27,1.8,0.3,0.3,0.4,0.0047
3888.003817,0.397539116,551,291,71,26,1.8,0.3,0.3,0.4,0.0004
3888.927338,0.397709691,659,742,70,27,1.8,0.3,0.3,0.4,0.0082
3889.85086,0.397880265,696,419,71,26,1.8,0.3,0.3,0.4,0.0052
3890.774381,0.398050839,353,880,70,27,1.8,0.3,0.3,0.4,0.0004
3891.697902,0.398221414,629,545,71,26,1.8,0.3,0.3,0.4,0.0030
3892.621424,0.398391988,573,494,70,27,1.8,0.3,0.3,0.4,0.0095
3893.544945,0.398562562,546,347,71,26,1.8,0.3,0.3,0.4,0.0099
3894.468467,0.398733137,698,566,70,27,1.8,0.3,0.3,0.4,0.0035
3895.391988,0.398903711,845,205,71,26,1.8,0.3,0.3,0.4,0.0050
3896.315509,0.399074286,464,527,70,27,1.8,0.3,0.3,0.4,0.0090
3897.239031,0.39924486,597,334,71,26,1.8,0.3,0.3,0.4,0.0017
3898.162552,0.399415434,894,717,70,27,1.8,0.3,0.3,0.4,0.0100
3899.086074,0.399586009,261,689,71,26,1.8,0.3,0.3,0.4,0.0045
3900.009595,0.399756583,887,484,70,27,1.8,0.3,0.3,0.4,0.0097
3900.933117,0.399927157,211,868,71,26,1.8,0.3,0.3,0.4,0.0065
3901.856638,0.400097732,736,630,70,27,1.8,0.3,0.3,0.4,0.0088
3902.780159,0.400268306,453,423,71,26,1.8,0.3,0.3,0.4,0.0069
3903.703681,0.40043888,897,399,70,27,1.8,0.3,0.3,0.4,0.0050
3904.627202,0.400609455,208,687,71,26,1.8,0.3,0.3,0.4,0.0039
3905.550724,0.400780029,488,597,70,27,1.8,0.3,0.3,0.4,0.0092
3906.474245,0.400950603,473,410,71,26,1.8,0.3,0.3,0.4,0.0010
3907.397767,0.401121178,620,783,70,27,1.8,0.3,0.3,0.4,0.0018
3908.321288,0.401291752,221,532,71,26,1.8,0.3,0.3,0.4,0.0087
3909.244809,0.401462326,726,203,70,27,1.8,0.3,0.3,0.4,0.0017
3910.168331,0.401632901,469,833,71,26,1.8,0.3,0.3,0.4,0.0035
3911.091852,0.401803475,852,836,70,27,1.8,0.3,0.3,0.4,0.0044
3912.015374,0.40197405,259,556,71,26,1.8,0.3,0.3,0.4,0.0089
3912.938895,0.402144624,311,626,70,27,1.8,0.3,0.3,0.4,0.0082
3913.862416,0.402315198,747,705,71,26,1.8,0.3,0.3,0.4,0.0031
3914.785938,0.402485773,567,322,70,27,1.8,0.3,0.3,0.4,0.0024
3915.709459,0.402656347,443,620,71,26,1.8,0.3,0.3,0.4,0.0057
3916.632981,0.402826921,769,262,70,27,1.8,0.3,0.3,0.4,0.0038
3917.556502,0.402997496,642,594,71,26,1.8,0.3,0.3,0.4,0.0058
3918.480024,0.40316807,379,672,70,27,1.8,0.3,0.3,0.4,0.0056
3919.403545,0.403338644,790,664,71,26,1.8,0.3,0.3,0.4,0.0076
3920.327066,0.403509219,201,569,70,27,1.8,0.3,0.3,0.4,0.0046
3921.250588,0.403679793,524,504,71,26,1.8,0.3,0.3,0.4,0.0093
3922.174109,0.403850367,898,622,70,27,1.8,0.3,0.3,0.4,0.0003
3923.097631,0.404020942,426,506,71,26,1.8,0.3,0.3,0.4,0.0095
3924.021152,0.404191516,365,455,70,27,1.8,0.3,0.3,0.4,0.0031
3924.944674,0.40436209,231,320,71,26,1.8,0.3,0.3,0.4,0.0076
3925.868195,0.404532665,784,273,70,27,1.8,0.3,0.3,0.4,0.0077
3926.791716,0.404703239,517,502,71,26,1.8,0.3,0.3,0.4,0.0093
3927.715238,0.404873813,444,592,70,27,1.8,0.3,0.3,0.4,0.0043
3928.638759,0.405044388,210,408,71,26,1.8,0.3,0.3,0.4,0.0031
3929.562281,0.405214962,870,492,70,27,1.8,0.3,0.3,0.4,0.0048
3930.485802,0.405385537,364,677,71,26,1.8,0.3,0.3,0.4,0.0075
3931.409324,0.405556111,217,373,70,27,1.8,0.3,0.3,0.4,0.0057
3932.332845,0.405726685,246,678,71,26,1.8,0.3,0.3,0.4,0.0013
3933.256366,0.40589726,756,872,70,27,1.8,0.3,0.3,0.4,0.0065
3934.179888,0.406067834,878,549,71,26,1.8,0.3,0.3,0.4,0.0023
3935.103409,0.406238408,680,503,70,27,1.8,0.3,0.3,0.4,0.0005
3936.026931,0.406408983,516,636,71,26,1.8,0.3,0.3,0.4,0.0093
3936.950452,0.406579557,347,400,70,27,1.8,0.3,0.3,0.4,0.0062
3937.873973,0.406750131,569,468,71,26,1.8,0.3,0.3,0.4,0.0080
3938.797495,0.406920706,717,463,70,27,1.8,0.3,0.3,0.4,0.0034
3939.721016,0.40709128,324,371,71,26,1.8,0.3,0.3,0.4,0.0081
3940.644538,0.407261854,274,509,71,26,1.8,0.3,0.3,0.4,0.0037
3941.568059,0.407432429,733,205,70,27,1.8,0.3,0.3,0.4,0.0092
3942.491581,0.407603003,611,300,71,26,1.8,0.3,0.3,0.4,0.0089
3943.415102,0.407773577,371,317,70,27,1.8,0.3,0.3,0.4,0.0050
3944.338623,0.407944152,705,264,71,26,1.8,0.3,0.3,0.4,0.0050
3945.262145,0.408114726,475,471,70,27,1.8,0.3,0.3,0.4,0.0029
3946.185666,0.4082853,373,589,71,26,1.8,0.3,0.3,0.4,0.0090
3947.109188,0.408455875,677,582,70,27,1.8,0.3,0.3,0.4,0.0021
3948.032709,0.408626449,822,326,71,26,1.8,0.3,0.3,0.4,0.0088
3948.956231,0.408797024,761,435,70,27,1.8,0.3,0.3,0.4,0.0062
3949.879752,0.408967598,473,616,71,26,1.8,0.3,0.3,0.4,0.0053
3950.803273,0.409138172,645,776,70,27,1.8,0.3,0.3,0.4,0.0089
3951.726795,0.409308747,555,520,71,26,1.8,0.3,0.3,0.4,0.0020
3952.650316,0.409479321,795,445,70,27,1.8,0.3,0.3,0.4,0.0083
3953.573838,0.409649895,856,763,71,26,1.8,0.3,0.3,0.4,0.0041
3954.497359,0.40982047,658,379,70,27,1.8,0.3,0.3,0.4,0.0062
3955.42088,0.409991044,559,424,71,26,1.8,0.3,0.3,0.4,0.0058
3956.344402,0.410161618,205,317,70,27,1.8,0.3,0.3,0.4,0.0038
3957.267923,0.410332193,719,316,71,26,1.8,0.3,0.3,0.4,0.0091
3958.191445,0.410502767,899,703,70,27,1.8,0.3,0.3,0.4,0.0010
3959.114966,0.410673341,689,273,71,26,1.8,0.3,0.3,0.4,0.0083
3960.038488,0.410843916,782,330,70,27,1.8,0.3,0.3,0.4,0.0017
3960.962009,0.41101449,480,637,71,26,1.8,0.3,0.3,0.4,0.0032
3961.88553,0.411185064,426,284,70,27,1.8,0.3,0.3,0.4,0.0080
3962.809052,0.411355639,879,274,71,26,1.8,0.3,0.3,0.4,0.0049
3963.732573,0.411526213,479,314,70,27,1.8,0.3,0.3,0.4,0.0054
3964.656095,0.411696788,426,898,71,26,1.8,0.3,0.3,0.4,0.0070
3965.579616,0.411867362,287,743,70,27,1.8,0.3,0.3,0.4,0.0055
3966.503138,0.412037936,706,700,71,26,1.8,0.3,0.3,0.4,0.0021
3967.426659,0.412208511,282,608,70,27,1.8,0.3,0.3,0.4,0.0064
3968.35018,0.412379085,432,243,71,26,1.8,0.3,0.3,0.4,0.0005
3969.273702,0.412549659,552,882,70,27,1.8,0.3,0.3,0.4,0.0004
3970.197223,0.412720234,843,288,71,26,1.8,0.3,0.3,0.4,0.0012
3971.120745,0.412890808,457,636,70,27,1.8,0.3,0.3,0.4,0.0042
3972.044266,0.413061382,702,647,71,26,1.8,0.3,0.3,0.4,0.0001
3972.967788,0.413231957,475,749,70,27,1.8,0.3,0.3,0.4,0.0039
3973.891309,0.413402531,516,358,71,26,1.8,0.3,0.3,0.4,0.0064
3974.81483,0.413573105,393,584,70,27,1.8,0.3,0.3,0.4,0.0027
3975.738352,0.41374368,889,765,71,26,1.8,0.3,0.3,0.4,0.0089
3976.661873,0.413914254,380,504,70,27,1.8,0.3,0.3,0.4,0.0039
3977.585395,0.414084828,477,451,71,26,1.8,0.3,0.3,0.4,0.0014
3978.508916,0.414255403,584,236,70,27,1.8,0.3,0.3,0.4,0.0077
3979.432437,0.414425977,423,277,71,26,1.8,0.3,0.3,0.4,0.0034
3980.355959,0.414596551,866,566,70,27,1.8,0.3,0.3,0.4,0.0090
3981.27948,0.414767126,518,640,71,26,1.8,0.3,0.3,0.4,0.0091
3982.203002,0.4149377,391,203,70,27,1.8,0.3,0.3,0.4,0.0085
3983.126523,0.415108275,247,302,71,26,1.8,0.3,0.3,0.4,0.0053
3984.050045,0.415278849,864,778,70,27,1.8,0.3,0.3,0.4,0.0000
3984.973566,0.415449423,779,346,71,26,1.8,0.3,0.3,0.4,0.0086
3985.897087,0.415619998,719,504,70,27,1.8,0.3,0.3,0.4,0.0051
3986.820609,0.415790572,862,310,71,26,1.8,0.3,0.3,0.4,0.0042
3987.74413,0.415961146,528,478,70,27,1.8,0.3,0.3,0.4,0.0026
3988.667652,0.416131721,832,617,71,26,1.8,0.3,0.3,0.4,0.0084
3989.591173,0.416302295,570,805,70,27,1.8,0.3,0.3,0.4,0.0047
3990.514695,0.416472869,865,778,71,26,1.8,0.3,0.3,0.4,0.0068
3991.438216,0.416643444,361,762,70,27,1.8,0.3,0.3,0.4,0.0083
3992.361737,0.416814018,889,666,71,26,1.8,0.3,0.3,0.4,0.0004
3993.285259,0.416984592,372,287,70,27,1.8,0.3,0.3,0.4,0.0031
3994.20878,0.417155167,615,841,71,26,1.8,0.3,0.3,0.4,0.0090
3995.132302,0.417325741,325,887,70,27,1.8,0.3,0.3,0.4,0.0081
3996.055823,0.417496315,445,830,71,26,1.8,0.3,0.3,0.4,0.0042
3996.979345,0.41766689,345,295,70,27,1.8,0.3,0.3,0.4,0.0006
3997.902866,0.417837464,428,799,71,26,1.8,0.3,0.3,0.4,0.0073
3998.826387,0.418008038,683,609,70,27,1.8,0.3,0.3,0.4,0.0033
3999.749909,0.418178613,685,343,71,26,1.8,0.3,0.3,0.4,0.0095
4000.67343,0.418349187,590,800,70,27,1.8,0.3,0.3,0.4,0.0087
4001.596952,0.418519762,371,871,71,26,1.8,0.3,0.3,0.4,0.0035
4002.520473,0.418690336,345,334,70,27,1.8,0.3,0.3,0.4,0.0058
4003.443994,0.41886091,415,540,71,26,1.8,0.3,0.3,0.4,0.0017
4004.367516,0.419031485,465,371,70,27,1.8,0.3,0.3,0.4,0.0068
4005.291037,0.419202059,504,246,71,26,1.8,0.3,0.3,0.4,0.0018
4006.214559,0.419372633,674,466,70,27,1.8,0.3,0.3,0.4,0.0008
4007.13808,0.419543208,381,496,71,26,1.8,0.3,0.3,0.4,0.0070
4008.061602,0.419713782,290,468,70,27,1.8,0.3,0.3,0.4,0.0074
4008.985123,0.419884356,624,376,71,26,1.8,0.3,0.3,0.4,0.0055
4009.908644,0.420054931,228,666,70,27,1.8,0.3,0.3,0.4,0.0063
4010.832166,0.420225505,269,640,71,26,1.8,0.3,0.3,0.4,0.0051
4011.755687,0.420396079,391,387,70,27,1.8,0.3,0.3,0.4,0.0027
4012.679209,0.420566654,333,773,71,26,1.8,0.3,0.3,0.4,0.0078
4013.60273,0.420737228,375,255,70,27,1.8,0.3,0.3,0.4,0.0027
4014.526252,0.420907802,761,603,71,26,1.8,0.3,0.3,0.4,0.0077
4015.449773,0.421078377,295,696,70,27,1.8,0.3,0.3,0.4,0.0004
4016.373294,0.421248951,338,343,71,26,1.8,0.3,0.3,0.4,0.0016
4017.296816,0.421419525,380,233,70,27,1.8,0.3,0.3,0.4,0.0032
4018.220337,0.4215901,334,533,71,26,1.8,0.3,0.3,0.4,0.0091
4019.143859,0.421760674,842,620,70,27,1.8,0.3,0.3,0.4,0.0003
4020.06738,0.421931249,604,238,71,26,1.8,0.3,0.3,0.4,0.0072
4020.990901,0.422101823,319,508,70,27,1.8,0.3,0.3,0.4,0.0065
4021.914423,0.422272397,614,723,71,26,1.8,0.3,0.3,0.4,0.0003
4022.837944,0.422442972,209,530,70,27,1.8,0.3,0.3,0.4,0.0022
4023.761466,0.422613546,553,890,70,27,1.8,0.3,0.3,0.4,0.0026
4024.684987,0.42278412,200,253,71,26,1.8,0.3,0.3,0.4,0.0025
4025.608509,0.422954695,718,893,70,27,1.8,0.3,0.3,0.4,0.0033
4026.53203,0.423125269,367,660,71,26,1.8,0.3,0.3,0.4,0.0060
4027.455551,0.423295843,365,494,70,27,1.8,0.3,0.3,0.4,0.0079
4028.379073,0.423466418,576,396,71,26,1.8,0.3,0.3,0.4,0.0005
4029.302594,0.423636992,583,731,70,27,1.8,0.3,0.3,0.4,0.0073
4030.226116,0.423807566,443,630,71,26,1.8,0.3,0.3,0.4,0.0087
4031.149637,0.423978141,270,772,70,27,1.8,0.3,0.3,0.4,0.0001
4032.073159,0.424148715,272,898,71,26,1.8,0.3,0.3,0.4,0.0045
4032.99668,0.424319289,554,784,70,27,1.8,0.3,0.3,0.4,0.0093
4033.920201,0.424489864,452,700,71,26,1.8,0.3,0.3,0.4,0.0053
4034.843723,0.424660438,341,797,70,27,1.8,0.3,0.3,0.4,0.0015
4035.767244,0.424831013,774,759,71,26,1.8,0.3,0.3,0.4,0.0098
4036.690766,0.425001587,252,279,70,27,1.8,0.3,0.3,0.4,0.0066
4037.614287,0.425172161,892,582,71,26,1.8,0.3,0.3,0.4,0.0018
4038.537809,0.425342736,801,708,70,27,1.8,0.3,0.3,0.4,0.0083
4039.46133,0.42551331,843,673,71,26,1.8,0.3,0.3,0.4,0.0022
4040.384851,0.425683884,351,650,70,27,1.8,0.3,0.3,0.4,0.0029
4041.308373,0.425854459,392,465,71,26,1.8,0.3,0.3,0.4,0.0040
4042.231894,0.426025033,872,759,70,27,1.8,0.3,0.3,0.4,0.0065
4043.155416,0.426195607,660,859,71,26,1.8,0.3,0.3,0.4,0.0074
4044.078937,0.426366182,223,572,70,27,1.8,0.3,0.3,0.4,0.0008
4045.002458,0.426536756,759,724,71,26,1.8,0.3,0.3,0.4,0.0052
4045.92598,0.42670733,755,551,70,27,1.8,0.3,0.3,0.4,0.0020
4046.849501,0.426877905,557,772,71,26,1.8,0.3,0.3,0.4,0.0003
4047.773023,0.427048479,397,710,70,27,1.8,0.3,0.3,0.4,0.0099
4048.696544,0.427219053,879,384,71,26,1.8,0.3,0.3,0.4,0.0078
4049.620066,0.427389628,577,213,70,27,1.8,0.3,0.3,0.4,0.0070
4050.543587,0.427560202,663,700,71,26,1.8,0.3,0.3,0.4,0.0021
4051.467108,0.427730776,414,649,70,27,1.8,0.3,0.3,0.4,0.0040
4052.39063,0.427901351,600,819,71,26,1.8,0.3,0.3,0.4,0.0098
4053.314151,0.428071925,533,724,70,27,1.8,0.3,0.3,0.4,0.0008
4054.237673,0.4282425,816,720,71,26,1.8,0.3,0.3,0.4,0.0083
4055.161194,0.428413074,702,871,70,27,1.8,0.3,0.3,0.4,0.0020
4056.084716,0.428583648,887,311,71,26,1.8,0.3,0.3,0.4,0.0060
4057.008237,0.428754223,291,313,70,27,1.8,0.3,0.3,0.4,0.0014
4057.931758,0.428924797,379,235,71,26,1.8,0.3,0.3,0.4,0.0065
4058.85528,0.429095371,238,511,70,27,1.8,0.3,0.3,0.4,0.0044
4059.778801,0.429265946,568,398,71,26,1.8,0.3,0.3,0.4,0.0060
4060.702323,0.42943652,231,536,70,27,1.8,0.3,0.3,0.4,0.0045
4061.625844,0.429607094,576,391,71,26,1.8,0.3,0.3,0.4,0.0095
4062.549365,0.429777669,886,684,70,27,1.8,0.3,0.3,0.4,0.0077
4063.472887,0.429948243,499,490,71,26,1.8,0.3,0.3,0.4,0.0005
4064.396408,0.430118817,649,676,70,27,1.8,0.3,0.3,0.4,0.0083
4065.31993,0.430289392,690,532,71,26,1.8,0.3,0.3,0.4,0.0006
4066.243451,0.430459966,788,457,70,27,1.8,0.3,0.3,0.4,0.0052
4067.166973,0.43063054,434,650,71,26,1.8,0.3,0.3,0.4,0.0014
4068.090494,0.430801115,450,626,70,27,1.8,0.3,0.3,0.4,0.0082
4069.014015,0.430971689,206,385,71,26,1.8,0.3,0.3,0.4,0.0070
4069.937537,0.431142263,244,854,70,27,1.8,0.3,0.3,0.4,0.0067
4070.861058,0.431312838,864,356,71,26,1.8,0.3,0.3,0.4,0.0021
4071.78458,0.431483412,462,409,70,27,1.8,0.3,0.3,0.4,0.0071
4072.708101,0.431653987,396,245,71,26,1.8,0.3,0.3,0.4,0.0067
4073.631623,0.431824561,746,843,70,27,1.8,0.3,0.3,0.4,0.0016
4074.555144,0.431995135,852,670,71,26,1.8,0.3,0.3,0.4,0.0084
4075.478665,0.43216571,710,249,70,27,1.8,0.3,0.3,0.4,0.0005
4076.402187,0.432336284,310,613,71,26,1.8,0.3,0.3,0.4,0.0025
4077.325708,0.432506858,823,333,70,27,1.8,0.3,0.3,0.4,0.0052
4078.24923,0.432677433,506,685,71,26,1.8,0.3,0.3,0.4,0.0015
4079.172751,0.432848007,336,779,70,27,1.8,0.3,0.3,0.4,0.0088
4080.096273,0.433018581,867,729,71,26,1.8,0.3,0.3,0.4,0.0007
4081.019794,0.433189156,556,254,70,27,1.8,0.3,0.3,0.4,0.0090
4081.943315,0.43335973,287,493,71,26,1.8,0.3,0.3,0.4,0.0034
4082.866837,0.433530304,492,303,70,27,1.8,0.3,0.3,0.4,0.0076
4083.790358,0.433700879,480,317,71,26,1.8,0.3,0.3,0.4,0.0034
4084.71388,0.433871453,505,733,70,27,1.8,0.3,0.3,0.4,0.0057
4085.637401,0.434042027,491,352,71,26,1.8,0.3,0.3,0.4,0.0017
4086.560922,0.434212602,353,548,70,27,1.8,0.3,0.3,0.4,0.0050
4087.484444,0.434383176,394,288,71,26,1.8,0.3,0.3,0.4,0.0012
4088.407965,0.434553751,805,249,70,27,1.8,0.3,0.3,0.4,0.0096
4089.331487,0.434724325,701,476,71,26,1.8,0.3,0.3,0.4,0.0008
4090.255008,0.434894899,793,871,70,27,1.8,0.3,0.3,0.4,0.0076
4091.17853,0.435065474,248,363,71,26,1.8,0.3,0.3,0.4,0.0095
4092.102051,0.435236048,397,726,70,27,1.8,0.3,0.3,0.4,0.0002
4093.025572,0.435406622,309,428,71,26,1.8,0.3,0.3,0.4,0.0023
4093.949094,0.435577197,210,875,70,27,1.8,0.3,0.3,0.4,0.0045
4094.872615,0.435747771,750,487,71,26,1.8,0.3,0.3,0.4,0.0013
4095.796137,0.435918345,406,755,70,27,1.8,0.3,0.3,0.4,0.0076
4096.719658,0.43608892,319,471,71,26,1.8,0.3,0.3,0.4,0.0058
4097.64318,0.436259494,416,287,70,27,1.8,0.3,0.3,0.4,0.0082
4098.566701,0.436430068,375,692,71,26,1.8,0.3,0.3,0.4,0.0027
4099.490222,0.436600643,880,819,70,27,1.8,0.3,0.3,0.4,0.0026
4100.413744,0.436771217,843,767,71,26,1.8,0.3,0.3,0.4,0.0018
4101.337265,0.436941791,610,452,70,27,1.8,0.3,0.3,0.4,0.0093
4102.260787,0.437112366,584,383,71,26,1.8,0.3,0.3,0.4,0.0020
4103.184308,0.43728294,372,755,70,27,1.8,0.3,0.3,0.4,0.0072
4104.107829,0.437453514,432,607,71,26,1.8,0.3,0.3,0.4,0.0068
4105.031351,0.437624089,486,547,70,27,1.8,0.3,0.3,0.4,0.0088
4105.954872,0.437794663,799,896,71,26,1.8,0.3,0.3,0.4,0.0084
4106.878394,0.437965238,378,340,71,26,1.8,0.3,0.3,0.4,0.0048
4107.801915,0.438135812,750,379,70,27,1.8,0.3,0.3,0.4,0.0094
4108.725437,0.438306386,805,417,71,26,1.8,0.3,0.3,0.4,0.0046
4109.648958,0.438476961,322,800,70,27,1.8,0.3,0.3,0.4,0.0034
4110.572479,0.438647535,572,897,71,26,1.8,0.3,0.3,0.4,0.0029
4111.496001,0.438818109,615,368,70,27,1.8,0.3,0.3,0.4,0.0036
4112.419522,0.438988684,456,695,71,26,1.8,0.3,0.3,0.4,0.0045
4113.343044,0.439159258,779,637,70,27,1.8,0.3,0.3,0.4,0.0004
4114.266565,0.439329832,340,779,71,26,1.8,0.3,0.3,0.4,0.0063
4115.190087,0.439500407,384,316,70,27,1.8,0.3,0.3,0.4,0.0074
4116.113608,0.439670981,519,683,71,26,1.8,0.3,0.3,0.4,0.0041
4117.037129,0.439841555,644,501,70,27,1.8,0.3,0.3,0.4,0.0029
4117.960651,0.44001213,361,899,71,26,1.8,0.3,0.3,0.4,0.0055
4118.884172,0.440182704,560,386,70,27,1.8,0.3,0.3,0.4,0.0075
4119.807694,0.440353278,623,442,71,26,1.8,0.3,0.3,0.4,0.0079
4120.731215,0.440523853,361,392,70,27,1.8,0.3,0.3,0.4,0.0044
4121.654737,0.440694427,606,455,71,26,1.8,0.3,0.3,0.4,0.0077
4122.578258,0.440865001,638,442,70,27,1.8,0.3,0.3,0.4,0.0081
4123.501779,0.441035576,464,365,71,26,1.8,0.3,0.3,0.4,0.0082
4124.425301,0.44120615,703,711,70,27,1.8,0.3,0.3,0.4,0.0026
4125.348822,0.441376725,371,331,71,26,1.8,0.3,0.3,0.4,0.0090
4126.272344,0.441547299,323,420,70,27,1.8,0.3,0.3,0.4,0.0060
4127.195865,0.441717873,422,893,71,26,1.8,0.3,0.3,0.4,0.0073
4128.119386,0.441888448,210,762,70,27,1.8,0.3,0.3,0.4,0.0061
4129.042908,0.442059022,752,465,71,26,1.8,0.3,0.3,0.4,0.0027
4129.966429,0.442229596,320,760,70,27,1.8,0.3,0.3,0.4,0.0033
4130.889951,0.442400171,444,403,71,26,1.8,0.3,0.3,0.4,0.0087
4131.813472,0.442570745,772,632,70,27,1.8,0.3,0.3,0.4,0.0042
4132.736994,0.442741319,266,575,71,26,1.8,0.3,0.3,0.4,0.0039
4133.660515,0.442911894,244,565,70,27,1.8,0.3,0.3,0.4,0.0027
4134.584036,0.443082468,251,552,71,26,1.8,0.3,0.3,0.4,0.0012
4135.507558,0.443253042,243,250,70,27,1.8,0.3,0.3,0.4,0.0015
4136.431079,0.443423617,289,416,71,26,1.8,0.3,0.3,0.4,0.0063
4137.354601,0.443594191,880,690,70,27,1.8,0.3,0.3,0.4,0.0039
4138.278122,0.443764765,547,793,71,26,1.8,0.3,0.3,0.4,0.0073
4139.201644,0.44393534,564,642,70,27,1.8,0.3,0.3,0.4,0.0092
4140.125165,0.444105914,606,362,71,26,1.8,0.3,0.3,0.4,0.0066
4141.048686,0.444276488,867,246,70,27,1.8,0.3,0.3,0.4,0.0014
4141.972208,0.444447063,332,281,71,26,1.8,0.3,0.3,0.4,0.0053
4142.895729,0.444617637,783,590,70,27,1.8,0.3,0.3,0.4,0.0002
4143.819251,0.444788212,526,398,71,26,1.8,0.3,0.3,0.4,0.0080
4144.742772,0.444958786,459,846,70,27,1.8,0.3,0.3,0.4,0.0024
4145.666294,0.44512936,268,387,71,26,1.8,0.3,0.3,0.4,0.0092
4146.589815,0.445299935,463,740,70,27,1.8,0.3,0.3,0.4,0.0013
4147.513336,0.445470509,608,644,71,26,1.8,0.3,0.3,0.4,0.0096
4148.436858,0.445641083,469,875,70,27,1.8,0.3,0.3,0.4,0.0084
4149.360379,0.445811658,302,890,71,26,1.8,0.3,0.3,0.4,0.0052
4150.283901,0.445982232,250,840,70,27,1.8,0.3,0.3,0.4,0.0027
4151.207422,0.446152806,319,388,71,26,1.8,0.3,0.3,0.4,0.0007
4152.130943,0.446323381,688,769,70,27,1.8,0.3,0.3,0.4,0.0078
4153.054465,0.446493955,391,533,71,26,1.8,0.3,0.3,0.4,0.0003
4153.977986,0.446664529,535,341,70,27,1.8,0.3,0.3,0.4,0.0018
4154.901508,0.446835104,486,717,71,26,1.8,0.3,0.3,0.4,0.0074
4155.825029,0.447005678,321,760,70,27,1.8,0.3,0.3,0.4,0.0032
4156.748551,0.447176252,686,206,71,26,1.8,0.3,0.3,0.4,0.0075
4157.672072,0.447346827,380,221,70,27,1.8,0.3,0.3,0.4,0.0084
4158.595593,0.447517401,648,532,71,26,1.8,0.3,0.3,0.4,0.0038
4159.519115,0.447687976,271,807,70,27,1.8,0.3,0.3,0.4,0.0043
4160.442636,0.44785855,345,456,71,26,1.8,0.3,0.3,0.4,0.0053
4161.366158,0.448029124,861,364,70,27,1.8,0.3,0.3,0.4,0.0061
4162.289679,0.448199699,775,645,71,26,1.8,0.3,0.3,0.4,0.0013
4163.213201,0.448370273,890,782,70,27,1.8,0.3,0.3,0.4,0.0076
4164.136722,0.448540847,722,378,71,26,1.8,0.3,0.3,0.4,0.0030
4165.060243,0.448711422,537,313,70,27,1.8,0.3,0.3,0.4,0.0032
4165.983765,0.448881996,412,330,71,26,1.8,0.3,0.3,0.4,0.0011
4166.907286,0.44905257,372,812,70,27,1.8,0.3,0.3,0.4,0.0079
4167.830808,0.449223145,564,539,71,26,1.8,0.3,0.3,0.4,0.0063
4168.754329,0.449393719,211,579,70,27,1.8,0.3,0.3,0.4,0.0033
4169.67785,0.449564293,240,553,71,26,1.8,0.3,0.3,0.4,0.0068
4170.601372,0.449734868,379,355,70,27,1.8,0.3,0.3,0.4,0.0098
4171.524893,0.449905442,721,358,71,26,1.8,0.3,0.3,0.4,0.0024
4172.448415,0.450076016,393,858,70,27,1.8,0.3,0.3,0.4,0.0053
4173.371936,0.450246591,567,465,71,26,1.8,0.3,0.3,0.4,0.0030
4174.295458,0.450417165,348,885,70,27,1.8,0.3,0.3,0.4,0.0056
4175.218979,0.450587739,563,709,71,26,1.8,0.3,0.3,0.4,0.0008
4176.1425,0.450758314,580,292,70,27,1.8,0.3,0.3,0.4,0.0058
4177.066022,0.450928888,397,672,71,26,1.8,0.3,0.3,0.4,0.0062
4177.989543,0.451099463,848,544,70,27,1.8,0.3,0.3,0.4,0.0037
4178.913065,0.451270037,858,304,71,26,1.8,0.3,0.3,0.4,0.0060
4179.836586,0.451440611,312,898,70,27,1.8,0.3,0.3,0.4,0.0068
4180.760108,0.451611186,372,303,71,26,1.8,0.3,0.3,0.4,0.0047
4181.683629,0.45178176,220,248,70,27,1.8,0.3,0.3,0.4,0.0082
4182.60715,0.451952334,892,655,71,26,1.8,0.3,0.3,0.4,0.0066
4183.530672,0.452122909,792,311,70,27,1.8,0.3,0.3,0.4,0.0048
4184.454193,0.452293483,284,225,71,26,1.8,0.3,0.3,0.4,0.0034
4185.377715,0.452464057,206,236,70,27,1.8,0.3,0.3,0.4,0.0008
4186.301236,0.452634632,589,708,71,26,1.8,0.3,0.3,0.4,0.0029
4187.224758,0.452805206,752,822,70,27,1.8,0.3,0.3,0.4,0.0047
4188.148279,0.45297578,529,447,71,26,1.8,0.3,0.3,0.4,0.0074
4189.0718,0.453146355,836,580,70,27,1.8,0.3,0.3,0.4,0.0022
4106.878394,0.122449,604,347,71,26,1.8,0.3,0.3,0.4,0.0036
4189.995322,0.453316929,222,356,70,27,1.8,0.3,0.3,0.4,0.0012
4190.918843,0.453487503,432,201,71,26,1.8,0.3,0.3,0.4,0.0023
4191.842365,0.453658078,527,747,70,27,1.8,0.3,0.3,0.4,0.0071
4192.765886,0.453828652,745,342,71,26,1.8,0.3,0.3,0.4,0.0040
4193.689407,0.453999226,538,797,70,27,1.8,0.3,0.3,0.4,0.0084
4194.612929,0.454169801,686,803,71,26,1.8,0.3,0.3,0.4,0.0088
4195.53645,0.454340375,221,869,70,27,1.8,0.3,0.3,0.4,0.0013
4196.459972,0.45451095,546,737,71,26,1.8,0.3,0.3,0.4,0.0084
4197.383493,0.454681524,663,217,70,27,1.8,0.3,0.3,0.4,0.0073
4198.307015,0.454852098,426,776,71,26,1.8,0.3,0.3,0.4,0.0097
4199.230536,0.455022673,573,495,70,27,1.8,0.3,0.3,0.4,0.0047
4200.154057,0.455193247,747,500,71,26,1.8,0.3,0.3,0.4,0.0053
4201.077579,0.455363821,486,764,70,27,1.8,0.3,0.3,0.4,0.0002
4202.0011,0.455534396,524,439,71,26,1.8,0.3,0.3,0.4,0.0038
4202.924622,0.45570497,203,247,70,27,1.8,0.3,0.3,0.4,0.0042
4203.848143,0.455875544,280,432,71,26,1.8,0.3,0.3,0.4,0.0015
4204.771665,0.456046119,750,756,70,27,1.8,0.3,0.3,0.4,0.0041
4205.695186,0.456216693,593,303,71,26,1.8,0.3,0.3,0.4,0.0026
4206.618707,0.456387267,201,321,70,27,1.8,0.3,0.3,0.4,0.0045
4207.542229,0.456557842,553,722,71,26,1.8,0.3,0.3,0.4,0.0075
4208.46575,0.456728416,457,881,70,27,1.8,0.3,0.3,0.4,0.0027
4209.389272,0.45689899,821,240,71,26,1.8,0.3,0.3,0.4,0.0040
4210.312793,0.457069565,337,735,70,27,1.8,0.3,0.3,0.4,0.0046
4211.236314,0.457240139,350,824,71,26,1.8,0.3,0.3,0.4,0.0025
4212.159836,0.457410714,484,588,70,27,1.8,0.3,0.3,0.4,0.0011
4213.083357,0.457581288,651,440,71,26,1.8,0.3,0.3,0.4,0.0096
4214.006879,0.457751862,466,472,70,27,1.8,0.3,0.3,0.4,0.0097
4214.9304,0.457922437,708,763,71,26,1.8,0.3,0.3,0.4,0.0044
4215.853922,0.458093011,612,568,70,27,1.8,0.3,0.3,0.4,0.0097
4216.777443,0.458263585,897,242,71,26,1.8,0.3,0.3,0.4,0.0060
4217.700964,0.45843416,396,488,70,27,1.8,0.3,0.3,0.4,0.0099
4218.624486,0.458604734,525,642,71,26,1.8,0.3,0.3,0.4,0.0042
4219.548007,0.458775308,242,569,70,27,1.8,0.3,0.3,0.4,0.0087
4220.471529,0.458945883,518,767,71,26,1.8,0.3,0.3,0.4,0.0064
4221.39505,0.459116457,734,232,70,27,1.8,0.3,0.3,0.4,0.0017
4222.318572,0.459287031,833,383,71,26,1.8,0.3,0.3,0.4,0.0031
4223.242093,0.459457606,892,769,70,27,1.8,0.3,0.3,0.4,0.0028
4224.165614,0.45962818,708,626,71,26,1.8,0.3,0.3,0.4,0.0090
4225.089136,0.459798754,398,261,70,27,1.8,0.3,0.3,0.4,0.0036
4226.012657,0.459969329,294,885,71,26,1.8,0.3,0.3,0.4,0.0016
4226.936179,0.460139903,385,444,70,27,1.8,0.3,0.3,0.4,0.0059
4227.8597,0.460310477,516,638,71,26,1.8,0.3,0.3,0.4,0.0068
4228.783222,0.460481052,359,799,70,27,1.8,0.3,0.3,0.4,0.0076
4229.706743,0.460651626,462,862,71,26,1.8,0.3,0.3,0.4,0.0069
4230.630264,0.460822201,352,494,70,27,1.8,0.3,0.3,0.4,0.0028
4231.553786,0.460992775,854,419,71,26,1.8,0.3,0.3,0.4,0.0051
4232.477307,0.461163349,317,693,70,27,1.8,0.3,0.3,0.4,0.0026
4233.400829,0.461333924,648,223,71,26,1.8,0.3,0.3,0.4,0.0030
4234.32435,0.461504498,826,751,70,27,1.8,0.3,0.3,0.4,0.0015
4235.247871,0.461675072,627,517,71,26,1.8,0.3,0.3,0.4,0.0020
4236.171393,0.461845647,710,476,70,27,1.8,0.3,0.3,0.4,0.0016
4237.094914,0.462016221,872,390,71,26,1.8,0.3,0.3,0.4,0.0099
4238.018436,0.462186795,387,783,70,27,1.8,0.3,0.3,0.4,0.0048
4238.941957,0.46235737,896,446,71,26,1.8,0.3,0.3,0.4,0.0093
4239.865479,0.462527944,307,844,70,27,1.8,0.3,0.3,0.4,0.0013
4240.789,0.462698518,230,342,71,26,1.8,0.3,0.3,0.4,0.0066
4241.712521,0.462869093,713,484,70,27,1.8,0.3,0.3,0.4,0.0062
4242.636043,0.463039667,439,783,71,26,1.8,0.3,0.3,0.4,0.0099
4243.559564,0.463210241,343,515,70,27,1.8,0.3,0.3,0.4,0.0025
4244.483086,0.463380816,459,502,71,26,1.8,0.3,0.3,0.4,0.0073
4245.406607,0.46355139,876,878,70,27,1.8,0.3,0.3,0.4,0.0063
4246.330129,0.463721964,381,617,71,26,1.8,0.3,0.3,0.4,0.0061
4247.25365,0.463892539,432,633,70,27,1.8,0.3,0.3,0.4,0.0057
4248.177171,0.464063113,851,260,71,26,1.8,0.3,0.3,0.4,0.0016
4249.100693,0.464233688,674,741,70,27,1.8,0.3,0.3,0.4,0.0006
4250.024214,0.464404262,744,298,71,26,1.8,0.3,0.3,0.4,0.0068
4250.947736,0.464574836,384,600,70,27,1.8,0.3,0.3,0.4,0.0032
4251.871257,0.464745411,306,474,71,26,1.8,0.3,0.3,0.4,0.0097
4252.794779,0.464915985,607,308,70,27,1.8,0.3,0.3,0.4,0.0052
4253.7183,0.465086559,443,795,71,26,1.8,0.3,0.3,0.4,0.0009
4254.641821,0.465257134,425,413,70,27,1.8,0.3,0.3,0.4,0.0070
4255.565343,0.465427708,787,501,71,26,1.8,0.3,0.3,0.4,0.0081
4256.488864,0.465598282,641,342,70,27,1.8,0.3,0.3,0.4,0.0068
4257.412386,0.465768857,534,422,71,26,1.8,0.3,0.3,0.4,0.0065
4258.335907,0.465939431,207,402,70,27,1.8,0.3,0.3,0.4,0.0027
4259.259428,0.466110005,667,591,71,26,1.8,0.3,0.3,0.4,0.0040
4260.18295,0.46628058,676,570,70,27,1.8,0.3,0.3,0.4,0.0012
4261.106471,0.466451154,866,375,71,26,1.8,0.3,0.3,0.4,0.0084
4262.029993,0.466621728,763,775,70,27,1.8,0.3,0.3,0.4,0.0014
4262.953514,0.466792303,464,812,71,26,1.8,0.3,0.3,0.4,0.0045
4263.877036,0.466962877,221,687,70,27,1.8,0.3,0.3,0.4,0.0011
4264.800557,0.467133451,826,238,71,26,1.8,0.3,0.3,0.4,0.0057
4265.724078,0.467304026,477,405,70,27,1.8,0.3,0.3,0.4,0.0042
4266.6476,0.4674746,832,782,71,26,1.8,0.3,0.3,0.4,0.0099
4267.571121,0.467645175,688,387,70,27,1.8,0.3,0.3,0.4,0.0090
4268.494643,0.467815749,877,255,71,26,1.8,0.3,0.3,0.4,0.0004
4269.418164,0.467986323,438,404,70,27,1.8,0.3,0.3,0.4,0.0064
4270.341686,0.468156898,634,641,71,26,1.8,0.3,0.3,0.4,0.0085
4271.265207,0.468327472,570,769,70,27,1.8,0.3,0.3,0.4,0.0074
4272.188728,0.468498046,480,694,71,26,1.8,0.3,0.3,0.4,0.0058
4106.878394,0.122449,421,543,70,27,1.8,0.3,0.3,0.4,0.0055
4273.11225,0.468668621,610,464,71,26,1.8,0.3,0.3,0.4,0.0025
4274.035771,0.468839195,881,706,70,27,1.8,0.3,0.3,0.4,0.0043
4274.959293,0.469009769,335,711,71,26,1.8,0.3,0.3,0.4,0.0028
4275.882814,0.469180344,851,308,70,27,1.8,0.3,0.3,0.4,0.0001
4276.806335,0.469350918,657,715,71,26,1.8,0.3,0.3,0.4,0.0046
4277.729857,0.469521492,842,883,70,27,1.8,0.3,0.3,0.4,0.0097
4278.653378,0.469692067,859,674,71,26,1.8,0.3,0.3,0.4,0.0090
4279.5769,0.469862641,688,518,70,27,1.8,0.3,0.3,0.4,0.0063
4280.500421,0.470033215,674,847,71,26,1.8,0.3,0.3,0.4,0.0014
4281.423943,0.47020379,602,569,70,27,1.8,0.3,0.3,0.4,0.0024
4282.347464,0.470374364,365,743,71,26,1.8,0.3,0.3,0.4,0.0040
4283.270985,0.470544939,448,274,70,27,1.8,0.3,0.3,0.4,0.0068
4284.194507,0.470715513,307,245,71,26,1.8,0.3,0.3,0.4,0.0081
4285.118028,0.470886087,334,411,70,27,1.8,0.3,0.3,0.4,0.0065
4286.04155,0.471056662,236,258,71,26,1.8,0.3,0.3,0.4,0.0003
4286.965071,0.471227236,799,618,70,27,1.8,0.3,0.3,0.4,0.0024
4287.888593,0.47139781,433,314,71,26,1.8,0.3,0.3,0.4,0.0078
4288.812114,0.471568385,276,805,70,27,1.8,0.3,0.3,0.4,0.0017
4289.735635,0.471738959,544,432,71,26,1.8,0.3,0.3,0.4,0.0015
4290.659157,0.471909533,796,895,70,27,1.8,0.3,0.3,0.4,0.0022
4291.582678,0.472080108,492,618,71,26,1.8,0.3,0.3,0.4,0.0033
4292.5062,0.472250682,228,719,70,27,1.8,0.3,0.3,0.4,0.0048
4293.429721,0.472421256,241,364,71,26,1.8,0.3,0.3,0.4,0.0051
4294.353243,0.472591831,687,566,70,27,1.8,0.3,0.3,0.4,0.0060
4295.276764,0.472762405,567,395,71,26,1.8,0.3,0.3,0.4,0.0030
4296.200285,0.472932979,532,452,70,27,1.8,0.3,0.3,0.4,0.0001
4297.123807,0.473103554,453,535,71,26,1.8,0.3,0.3,0.4,0.0056
4298.047328,0.473274128,731,356,70,27,1.8,0.3,0.3,0.4,0.0049
4298.97085,0.473444702,759,275,71,26,1.8,0.3,0.3,0.4,0.0061
4299.894371,0.473615277,672,480,70,27,1.8,0.3,0.3,0.4,0.0046
4300.817892,0.473785851,417,896,71,26,1.8,0.3,0.3,0.4,0.0098
4301.741414,0.473956426,694,594,70,27,1.8,0.3,0.3,0.4,0.0027
4302.664935,0.474127,804,743,71,26,1.8,0.3,0.3,0.4,0.0091
4303.588457,0.474297574,607,691,70,27,1.8,0.3,0.3,0.4,0.0028
4304.511978,0.474468149,368,378,71,26,1.8,0.3,0.3,0.4,0.0024
4305.4355,0.474638723,727,729,70,27,1.8,0.3,0.3,0.4,0.0071
4306.359021,0.474809297,642,749,71,26,1.8,0.3,0.3,0.4,0.0066
4307.282542,0.474979872,455,532,70,27,1.8,0.3,0.3,0.4,0.0031
4308.206064,0.475150446,530,386,71,26,1.8,0.3,0.3,0.4,0.0013
4309.129585,0.47532102,583,270,70,27,1.8,0.3,0.3,0.4,0.0019
4310.053107,0.475491595,484,897,71,26,1.8,0.3,0.3,0.4,0.0048
4310.976628,0.475662169,884,577,70,27,1.8,0.3,0.3,0.4,0.0091
4311.90015,0.475832743,688,543,71,26,1.8,0.3,0.3,0.4,0.0093
4312.823671,0.476003318,849,655,70,27,1.8,0.3,0.3,0.4,0.0063
4313.747192,0.476173892,250,528,71,26,1.8,0.3,0.3,0.4,0.0100
4314.670714,0.476344466,873,636,70,27,1.8,0.3,0.3,0.4,0.0000
4315.594235,0.476515041,701,626,71,26,1.8,0.3,0.3,0.4,0.0100
4316.517757,0.476685615,204,499,70,27,1.8,0.3,0.3,0.4,0.0006
4317.441278,0.476856189,754,654,71,26,1.8,0.3,0.3,0.4,0.0002
4318.364799,0.477026764,634,289,70,27,1.8,0.3,0.3,0.4,0.0064
4319.288321,0.477197338,520,492,71,26,1.8,0.3,0.3,0.4,0.0071
4320.211842,0.477367913,234,753,70,27,1.8,0.3,0.3,0.4,0.0069
4321.135364,0.477538487,735,236,71,26,1.8,0.3,0.3,0.4,0.0003
4322.058885,0.477709061,435,282,70,27,1.8,0.3,0.3,0.4,0.0049
4322.982407,0.477879636,679,257,71,26,1.8,0.3,0.3,0.4,0.0087
4323.905928,0.47805021,328,252,70,27,1.8,0.3,0.3,0.4,0.0045
4324.829449,0.478220784,822,618,71,26,1.8,0.3,0.3,0.4,0.0027
4325.752971,0.478391359,286,205,70,27,1.8,0.3,0.3,0.4,0.0066
4326.676492,0.478561933,518,690,71,26,1.8,0.3,0.3,0.4,0.0048
4327.600014,0.478732507,721,716,70,27,1.8,0.3,0.3,0.4,0.0093
4328.523535,0.478903082,504,507,71,26,1.8,0.3,0.3,0.4,0.0058
4329.447057,0.479073656,535,444,70,27,1.8,0.3,0.3,0.4,0.0001
4330.370578,0.47924423,203,547,71,26,1.8,0.3,0.3,0.4,0.0088
4331.294099,0.479414805,542,615,70,27,1.8,0.3,0.3,0.4,0.0009
4332.217621,0.479585379,796,356,71,26,1.8,0.3,0.3,0.4,0.0081
4333.141142,0.479755953,647,496,70,27,1.8,0.3,0.3,0.4,0.0063
4334.064664,0.479926528,607,885,71,26,1.8,0.3,0.3,0.4,0.0053
4334.988185,0.480097102,564,593,70,27,1.8,0.3,0.3,0.4,0.0060
4335.911707,0.480267677,739,711,71,26,1.8,0.3,0.3,0.4,0.0085
4336.835228,0.480438251,272,663,70,27,1.8,0.3,0.3,0.4,0.0075
4337.758749,0.480608825,881,779,71,26,1.8,0.3,0.3,0.4,0.0071
4338.682271,0.4807794,514,486,70,27,1.8,0.3,0.3,0.4,0.0024
4339.605792,0.480949974,626,496,71,26,1.8,0.3,0.3,0.4,0.0061
4340.529314,0.481120548,426,332,70,27,1.8,0.3,0.3,0.4,0.0074
4341.452835,0.481291123,897,817,71,26,1.8,0.3,0.3,0.4,0.0016
4342.376356,0.481461697,856,747,70,27,1.8,0.3,0.3,0.4,0.0051
4343.299878,0.481632271,459,748,71,26,1.8,0.3,0.3,0.4,0.0032
4344.223399,0.481802846,681,470,70,27,1.8,0.3,0.3,0.4,0.0050
4345.146921,0.48197342,306,803,71,26,1.8,0.3,0.3,0.4,0.0057
4346.070442,0.482143994,542,285,70,27,1.8,0.3,0.3,0.4,0.0037
4346.993964,0.482314569,681,759,71,26,1.8,0.3,0.3,0.4,0.0019
4347.917485,0.482485143,689,660,70,27,1.8,0.3,0.3,0.4,0.0013
4348.841006,0.482655717,846,785,71,26,1.8,0.3,0.3,0.4,0.0094
4349.764528,0.482826292,214,370,70,27,1.8,0.3,0.3,0.4,0.0031
4350.688049,0.482996866,887,639,71,26,1.8,0.3,0.3,0.4,0.0038
4351.611571,0.48316744,456,317,70,27,1.8,0.3,0.3,0.4,0.0034
4352.535092,0.483338015,404,541,71,26,1.8,0.3,0.3,0.4,0.0039
4353.458614,0.483508589,360,585,70,27,1.8,0.3,0.3,0.4,0.0056
4354.382135,0.483679164,366,245,71,26,1.8,0.3,0.3,0.4,0.0054
4355.305656,0.483849738,635,425,70,27,1.8,0.3,0.3,0.4,0.0076
4106.878394,0.122449,884,352,71,26,1.8,0.3,0.3,0.4,0.0019
4356.229178,0.484020312,421,670,70,27,1.8,0.3,0.3,0.4,0.0068
4357.152699,0.484190887,526,660,71,26,1.8,0.3,0.3,0.4,0.0078
4358.076221,0.484361461,358,763,70,27,1.8,0.3,0.3,0.4,0.0100
4358.999742,0.484532035,537,513,71,26,1.8,0.3,0.3,0.4,0.0092
4359.923264,0.48470261,629,825,70,27,1.8,0.3,0.3,0.4,0.0034
4360.846785,0.484873184,510,638,71,26,1.8,0.3,0.3,0.4,0.0085
4361.770306,0.485043758,689,775,70,27,1.8,0.3,0.3,0.4,0.0034
4362.693828,0.485214333,777,273,71,26,1.8,0.3,0.3,0.4,0.0011
4363.617349,0.485384907,287,349,70,27,1.8,0.3,0.3,0.4,0.0096
4364.540871,0.485555481,399,710,71,26,1.8,0.3,0.3,0.4,0.0069
4365.464392,0.485726056,203,346,70,27,1.8,0.3,0.3,0.4,0.0089
4366.387913,0.48589663,409,610,71,26,1.8,0.3,0.3,0.4,0.0008
4367.311435,0.486067204,382,464,70,27,1.8,0.3,0.3,0.4,0.0069
4368.234956,0.486237779,447,450,71,26,1.8,0.3,0.3,0.4,0.0088
4369.158478,0.486408353,861,356,70,27,1.8,0.3,0.3,0.4,0.0066
4370.081999,0.486578927,512,402,71,26,1.8,0.3,0.3,0.4,0.0040
4371.005521,0.486749502,564,382,70,27,1.8,0.3,0.3,0.4,0.0032
4371.929042,0.486920076,860,732,71,26,1.8,0.3,0.3,0.4,0.0098
4372.852563,0.487090651,829,431,70,27,1.8,0.3,0.3,0.4,0.0081
4373.776085,0.487261225,382,269,71,26,1.8,0.3,0.3,0.4,0.0012
4374.699606,0.487431799,537,547,70,27,1.8,0.3,0.3,0.4,0.0068
4375.623128,0.487602374,872,734,71,26,1.8,0.3,0.3,0.4,0.0024
4376.546649,0.487772948,576,845,70,27,1.8,0.3,0.3,0.4,0.0000
4377.470171,0.487943522,295,502,71,26,1.8,0.3,0.3,0.4,0.0070
4378.393692,0.488114097,786,888,70,27,1.8,0.3,0.3,0.4,0.0039
4379.317213,0.488284671,879,641,71,26,1.8,0.3,0.3,0.4,0.0044
4380.240735,0.488455245,839,302,70,27,1.8,0.3,0.3,0.4,0.0096
4381.164256,0.48862582,589,491,71,26,1.8,0.3,0.3,0.4,0.0095
4382.087778,0.488796394,550,543,70,27,1.8,0.3,0.3,0.4,0.0091
4383.011299,0.488966968,389,293,71,26,1.8,0.3,0.3,0.4,0.0015
4383.93482,0.489137543,765,681,70,27,1.8,0.3,0.3,0.4,0.0087
4384.858342,0.489308117,528,286,71,26,1.8,0.3,0.3,0.4,0.0037
4385.781863,0.489478691,540,758,70,27,1.8,0.3,0.3,0.4,0.0009
4386.705385,0.489649266,409,551,71,26,1.8,0.3,0.3,0.4,0.0040
4387.628906,0.48981984,249,824,70,27,1.8,0.3,0.3,0.4,0.0003
4388.552428,0.489990414,898,459,71,26,1.8,0.3,0.3,0.4,0.0000
4389.475949,0.490160989,491,315,70,27,1.8,0.3,0.3,0.4,0.0077
4390.39947,0.490331563,480,346,71,26,1.8,0.3,0.3,0.4,0.0100
4391.322992,0.490502138,779,671,70,27,1.8,0.3,0.3,0.4,0.0006
4392.246513,0.490672712,284,859,71,26,1.8,0.3,0.3,0.4,0.0055
4393.170035,0.490843286,533,565,70,27,1.8,0.3,0.3,0.4,0.0038
4394.093556,0.491013861,590,777,71,26,1.8,0.3,0.3,0.4,0.0058
4395.017078,0.491184435,851,566,70,27,1.8,0.3,0.3,0.4,0.0097
4395.940599,0.491355009,477,229,71,26,1.8,0.3,0.3,0.4,0.0099
4396.86412,0.491525584,717,427,70,27,1.8,0.3,0.3,0.4,0.0073
4397.787642,0.491696158,577,232,71,26,1.8,0.3,0.3,0.4,0.0059
4398.711163,0.491866732,246,762,70,27,1.8,0.3,0.3,0.4,0.0083
4399.634685,0.492037307,382,647,71,26,1.8,0.3,0.3,0.4,0.0014
4400.558206,0.492207881,221,890,70,27,1.8,0.3,0.3,0.4,0.0026
4401.481728,0.492378455,725,559,71,26,1.8,0.3,0.3,0.4,0.0039
4402.405249,0.49254903,461,696,70,27,1.8,0.3,0.3,0.4,0.0017
4403.32877,0.492719604,244,338,71,26,1.8,0.3,0.3,0.4,0.0014
4404.252292,0.492890178,428,259,70,27,1.8,0.3,0.3,0.4,0.0017
4405.175813,0.493060753,411,268,71,26,1.8,0.3,0.3,0.4,0.0096
4406.099335,0.493231327,597,400,70,27,1.8,0.3,0.3,0.4,0.0030
4407.022856,0.493401902,754,708,71,26,1.8,0.3,0.3,0.4,0.0005
4407.946377,0.493572476,241,268,70,27,1.8,0.3,0.3,0.4,0.0035
4408.869899,0.49374305,651,496,71,26,1.8,0.3,0.3,0.4,0.0008
4409.79342,0.493913625,575,573,70,27,1.8,0.3,0.3,0.4,0.0026
4410.716942,0.494084199,622,404,71,26,1.8,0.3,0.3,0.4,0.0063
4411.640463,0.494254773,799,789,70,27,1.8,0.3,0.3,0.4,0.0076
4412.563985,0.494425348,744,458,71,26,1.8,0.3,0.3,0.4,0.0062
4413.487506,0.494595922,362,546,70,27,1.8,0.3,0.3,0.4,0.0099
4414.411027,0.494766496,449,617,71,26,1.8,0.3,0.3,0.4,0.0043
4415.334549,0.494937071,378,202,70,27,1.8,0.3,0.3,0.4,0.0090
4416.25807,0.495107645,535,420,71,26,1.8,0.3,0.3,0.4,0.0064
4417.181592,0.495278219,207,685,70,27,1.8,0.3,0.3,0.4,0.0053
4418.105113,0.495448794,309,698,71,26,1.8,0.3,0.3,0.4,0.0069
4419.028635,0.495619368,885,214,70,27,1.8,0.3,0.3,0.4,0.0091
4419.952156,0.495789942,696,370,71,26,1.8,0.3,0.3,0.4,0.0061
4420.875677,0.495960517,628,244,70,27,1.8,0.3,0.3,0.4,0.0044
4421.799199,0.496131091,393,768,71,26,1.8,0.3,0.3,0.4,0.0041
4422.72272,0.496301665,359,252,70,27,1.8,0.3,0.3,0.4,0.0026
4423.646242,0.49647224,836,554,71,26,1.8,0.3,0.3,0.4,0.0073
4424.569763,0.496642814,799,615,70,27,1.8,0.3,0.3,0.4,0.0096
4425.493284,0.496813389,756,629,71,26,1.8,0.3,0.3,0.4,0.0044
4426.416806,0.496983963,252,580,70,27,1.8,0.3,0.3,0.4,0.0078
4427.340327,0.497154537,786,771,71,26,1.8,0.3,0.3,0.4,0.0018
4428.263849,0.497325112,819,227,70,27,1.8,0.3,0.3,0.4,0.0064
4429.18737,0.497495686,858,852,71,26,1.8,0.3,0.3,0.4,0.0023
4430.110892,0.49766626,212,272,70,27,1.8,0.3,0.3,0.4,0.0006
4431.034413,0.497836835,804,356,71,26,1.8,0.3,0.3,0.4,0.0029
4431.957934,0.498007409,333,863,70,27,1.8,0.3,0.3,0.4,0.0097
4432.881456,0.498177983,324,859,71,26,1.8,0.3,0.3,0.4,0.0022
4433.804977,0.498348558,648,723,70,27,1.8,0.3,0.3,0.4,0.0031
4434.728499,0.498519132,634,290,71,26,1.8,0.3,0.3,0.4,0.0058
4435.65202,0.498689706,788,221,70,27,1.8,0.3,0.3,0.4,0.0044
4436.575542,0.498860281,332,490,71,26,1.8,0.3,0.3,0.4,0.0033
4437.499063,0.499030855,720,580,70,27,1.8,0.3,0.3,0.4,0.0039
4438.422584,0.499201429,404,693,71,26,1.8,0.3,0.3,0.4,0.0050
4106.878394,0.122449,570,545,70,27,1.8,0.3,0.3,0.4,0.0028
4439.346106,0.499372004,693,575,71,26,1.8,0.3,0.3,0.4,0.0019
4440.269627,0.499542578,744,633,70,27,1.8,0.3,0.3,0.4,0.0031
4441.193149,0.499713152,670,490,71,26,1.8,0.3,0.3,0.4,0.0085
4442.11667,0.499883727,526,269,70,27,1.8,0.3,0.3,0.4,0.0084
4443.040192,0.500054301,806,622,71,26,1.8,0.3,0.3,0.4,0.0035
4443.963713,0.500224876,396,459,70,27,1.8,0.3,0.3,0.4,0.0085
4444.887234,0.50039545,440,372,71,26,1.8,0.3,0.3,0.4,0.0043
4445.810756,0.500566024,724,662,70,27,1.8,0.3,0.3,0.4,0.0027
4446.734277,0.500736599,533,729,71,26,1.8,0.3,0.3,0.4,0.0057
4447.657799,0.500907173,481,718,70,27,1.8,0.3,0.3,0.4,0.0039
4448.58132,0.501077747,400,504,71,26,1.8,0.3,0.3,0.4,0.0001
4449.504841,0.501248322,873,339,70,27,1.8,0.3,0.3,0.4,0.0087
4450.428363,0.501418896,714,789,71,26,1.8,0.3,0.3,0.4,0.0065
4451.351884,0.50158947,435,786,70,27,1.8,0.3,0.3,0.4,0.0092
4452.275406,0.501760045,756,588,71,26,1.8,0.3,0.3,0.4,0.0005
4453.198927,0.501930619,288,377,70,27,1.8,0.3,0.3,0.4,0.0031
4454.122449,0.502101193,527,567,71,26,1.8,0.3,0.3,0.4,0.0099
4455.04597,0.502271768,704,567,70,27,1.8,0.3,0.3,0.4,0.0080
4455.969491,0.502442342,267,746,71,26,1.8,0.3,0.3,0.4,0.0081
4456.893013,0.502612916,238,520,70,27,1.8,0.3,0.3,0.4,0.0079
4457.816534,0.502783491,398,208,71,26,1.8,0.3,0.3,0.4,0.0067
4458.740056,0.502954065,597,444,70,27,1.8,0.3,0.3,0.4,0.0073
4459.663577,0.50312464,585,382,71,26,1.8,0.3,0.3,0.4,0.0009
4460.587099,0.503295214,799,540,70,27,1.8,0.3,0.3,0.4,0.0046
4461.51062,0.503465788,735,883,71,26,1.8,0.3,0.3,0.4,0.0076
4462.434141,0.503636363,261,624,70,27,1.8,0.3,0.3,0.4,0.0096
4463.357663,0.503806937,264,864,71,26,1.8,0.3,0.3,0.4,0.0090
4464.281184,0.503977511,219,258,70,27,1.8,0.3,0.3,0.4,0.0032
4465.204706,0.504148086,748,606,71,26,1.8,0.3,0.3,0.4,0.0059
4466.128227,0.50431866,365,458,70,27,1.8,0.3,0.3,0.4,0.0093
4467.051749,0.504489234,596,812,71,26,1.8,0.3,0.3,0.4,0.0074
4467.97527,0.504659809,450,610,70,27,1.8,0.3,0.3,0.4,0.0000
4468.898791,0.504830383,880,435,71,26,1.8,0.3,0.3,0.4,0.0051
4469.822313,0.505000957,680,296,70,27,1.8,0.3,0.3,0.4,0.0094
4470.745834,0.505171532,666,845,71,26,1.8,0.3,0.3,0.4,0.0090
4471.669356,0.505342106,649,502,70,27,1.8,0.3,0.3,0.4,0.0094
4472.592877,0.50551268,812,553,71,26,1.8,0.3,0.3,0.4,0.0062
4473.516398,0.505683255,710,834,70,27,1.8,0.3,0.3,0.4,0.0059
4474.43992,0.505853829,873,536,71,26,1.8,0.3,0.3,0.4,0.0034
4475.363441,0.506024403,555,867,70,27,1.8,0.3,0.3,0.4,0.0097
4476.286963,0.506194978,840,649,71,26,1.8,0.3,0.3,0.4,0.0069
4477.210484,0.506365552,472,267,70,27,1.8,0.3,0.3,0.4,0.0080
4478.134006,0.506536127,604,632,71,26,1.8,0.3,0.3,0.4,0.0053
4479.057527,0.506706701,844,786,70,27,1.8,0.3,0.3,0.4,0.0087
4479.981048,0.506877275,354,511,71,26,1.8,0.3,0.3,0.4,0.0029
4480.90457,0.50704785,548,842,70,27,1.8,0.3,0.3,0.4,0.0091
4481.828091,0.507218424,618,590,71,26,1.8,0.3,0.3,0.4,0.0017
4482.751613,0.507388998,356,699,70,27,1.8,0.3,0.3,0.4,0.0069
4483.675134,0.507559573,813,432,71,26,1.8,0.3,0.3,0.4,0.0057
4484.598656,0.507730147,513,528,70,27,1.8,0.3,0.3,0.4,0.0033
4485.522177,0.507900721,652,694,71,26,1.8,0.3,0.3,0.4,0.0087
4486.445698,0.508071296,794,266,70,27,1.8,0.3,0.3,0.4,0.0039
4487.36922,0.50824187,717,616,71,26,1.8,0.3,0.3,0.4,0.0097
4488.292741,0.508412444,831,877,70,27,1.8,0.3,0.3,0.4,0.0001
4489.216263,0.508583019,501,886,71,26,1.8,0.3,0.3,0.4,0.0056
4490.139784,0.508753593,447,601,70,27,1.8,0.3,0.3,0.4,0.0007
4491.063305,0.508924167,601,376,71,26,1.8,0.3,0.3,0.4,0.0069
4491.986827,0.509094742,551,685,70,27,1.8,0.3,0.3,0.4,0.0004
4492.910348,0.509265316,508,423,71,26,1.8,0.3,0.3,0.4,0.0011
4493.83387,0.50943589,543,488,70,27,1.8,0.3,0.3,0.4,0.0019
4494.757391,0.509606465,297,291,71,26,1.8,0.3,0.3,0.4,0.0074
4495.680913,0.509777039,586,455,70,27,1.8,0.3,0.3,0.4,0.0019
4496.604434,0.509947614,801,727,71,26,1.8,0.3,0.3,0.4,0.0012
4497.527955,0.510118188,736,590,70,27,1.8,0.3,0.3,0.4,0.0001
4498.451477,0.510288762,834,597,71,26,1.8,0.3,0.3,0.4,0.0001
4499.374998,0.510459337,336,881,70,27,1.8,0.3,0.3,0.4,0.0052
4500.29852,0.510629911,659,519,71,26,1.8,0.3,0.3,0.4,0.0061
4501.222041,0.510800485,610,517,70,27,1.8,0.3,0.3,0.4,0.0071
4502.145563,0.51097106,610,745,71,26,1.8,0.3,0.3,0.4,0.0062
4503.069084,0.511141634,779,837,70,27,1.8,0.3,0.3,0.4,0.0039
4503.992605,0.511312208,789,249,71,26,1.8,0.3,0.3,0.4,0.0096
4504.916127,0.511482783,649,447,70,27,1.8,0.3,0.3,0.4,0.0012
4505.839648,0.511653357,545,420,71,26,1.8,0.3,0.3,0.4,0.0045
4506.76317,0.511823931,430,316,70,27,1.8,0.3,0.3,0.4,0.0029
4507.686691,0.511994506,351,422,71,26,1.8,0.3,0.3,0.4,0.0064
4508.610213,0.51216508,391,655,70,27,1.8,0.3,0.3,0.4,0.0029
4509.533734,0.512335654,867,424,71,26,1.8,0.3,0.3,0.4,0.0031
4510.457255,0.512506229,497,630,70,27,1.8,0.3,0.3,0.4,0.0088
4511.380777,0.512676803,726,446,71,26,1.8,0.3,0.3,0.4,0.0023
4512.304298,0.512847377,556,769,70,27,1.8,0.3,0.3,0.4,0.0087
4513.22782,0.513017952,874,215,71,26,1.8,0.3,0.3,0.4,0.0007
4514.151341,0.513188526,402,631,70,27,1.8,0.3,0.3,0.4,0.0022
4515.074862,0.513359101,447,656,71,26,1.8,0.3,0.3,0.4,0.0065
4515.998384,0.513529675,305,206,70,27,1.8,0.3,0.3,0.4,0.0076
4516.921905,0.513700249,887,245,71,26,1.8,0.3,0.3,0.4,0.0066
4517.845427,0.513870824,788,518,70,27,1.8,0.3,0.3,0.4,0.0059
4518.768948,0.514041398,597,804,71,26,1.8,0.3,0.3,0.4,0.0020
4519.69247,0.514211972,729,655,70,27,1.8,0.3,0.3,0.4,0.0027
4520.615991,0.514382547,659,206,71,26,1.8,0.3,0.3,0.4,0.0009
4521.539512,0.514553121,609,633,70,27,1.8,0.3,0.3,0.4,0.0009
4106.878394,0.122449,737,886,71,26,1.8,0.3,0.3,0.4,0.0089
4522.463034,0.514723695,625,201,70,27,1.8,0.3,0.3,0.4,0.0052
4523.386555,0.51489427,226,370,71,26,1.8,0.3,0.3,0.4,0.0080
4524.310077,0.515064844,641,359,70,27,1.8,0.3,0.3,0.4,0.0030
4525.233598,0.515235418,833,300,71,26,1.8,0.3,0.3,0.4,0.0046
4526.15712,0.515405993,346,729,70,27,1.8,0.3,0.3,0.4,0.0007
4527.080641,0.515576567,281,467,71,26,1.8,0.3,0.3,0.4,0.0094
4528.004162,0.515747141,759,452,70,27,1.8,0.3,0.3,0.4,0.0016
4528.927684,0.515917716,475,422,71,26,1.8,0.3,0.3,0.4,0.0061
4529.851205,0.51608829,379,402,70,27,1.8,0.3,0.3,0.4,0.0041
4530.774727,0.516258865,536,578,71,26,1.8,0.3,0.3,0.4,0.0074
4531.698248,0.516429439,817,584,70,27,1.8,0.3,0.3,0.4,0.0077
4532.621769,0.516600013,855,364,71,26,1.8,0.3,0.3,0.4,0.0079
4533.545291,0.516770588,675,441,70,27,1.8,0.3,0.3,0.4,0.0009
4534.468812,0.516941162,650,742,71,26,1.8,0.3,0.3,0.4,0.0033
4535.392334,0.517111736,335,236,70,27,1.8,0.3,0.3,0.4,0.0001
4536.315855,0.517282311,261,771,71,26,1.8,0.3,0.3,0.4,0.0004
4537.239377,0.517452885,578,823,70,27,1.8,0.3,0.3,0.4,0.0084
4538.162898,0.517623459,325,589,71,26,1.8,0.3,0.3,0.4,0.0057
4539.086419,0.517794034,755,695,70,27,1.8,0.3,0.3,0.4,0.0090
4540.009941,0.517964608,349,629,71,26,1.8,0.3,0.3,0.4,0.0093
4540.933462,0.518135182,729,381,70,27,1.8,0.3,0.3,0.4,0.0080
4541.856984,0.518305757,398,498,71,26,1.8,0.3,0.3,0.4,0.0053
4542.780505,0.518476331,320,759,70,27,1.8,0.3,0.3,0.4,0.0050
4543.704027,0.518646905,612,861,71,26,1.8,0.3,0.3,0.4,0.0054
4544.627548,0.51881748,599,477,70,27,1.8,0.3,0.3,0.4,0.0029
4545.551069,0.518988054,896,878,71,26,1.8,0.3,0.3,0.4,0.0062
4546.474591,0.519158628,890,348,70,27,1.8,0.3,0.3,0.4,0.0014
4547.398112,0.519329203,828,399,71,26,1.8,0.3,0.3,0.4,0.0074
4548.321634,0.519499777,264,880,70,27,1.8,0.3,0.3,0.4,0.0097
4549.245155,0.519670352,772,237,71,26,1.8,0.3,0.3,0.4,0.0053
4550.168677,0.519840926,898,893,70,27,1.8,0.3,0.3,0.4,0.0017
4551.092198,0.5200115,616,448,71,26,1.8,0.3,0.3,0.4,0.0024
4552.015719,0.520182075,844,284,70,27,1.8,0.3,0.3,0.4,0.0013
4552.939241,0.520352649,451,208,71,26,1.8,0.3,0.3,0.4,0.0088
4553.862762,0.520523223,486,709,70,27,1.8,0.3,0.3,0.4,0.0037
4554.786284,0.520693798,564,692,71,26,1.8,0.3,0.3,0.4,0.0028
4555.709805,0.520864372,428,765,70,27,1.8,0.3,0.3,0.4,0.0091
4556.633326,0.521034946,899,871,71,26,1.8,0.3,0.3,0.4,0.0028
4557.556848,0.521205521,822,545,70,27,1.8,0.3,0.3,0.4,0.0026
4558.480369,0.521376095,200,531,71,26,1.8,0.3,0.3,0.4,0.0064
4559.403891,0.521546669,829,361,70,27,1.8,0.3,0.3,0.4,0.0030
4560.327412,0.521717244,427,275,71,26,1.8,0.3,0.3,0.4,0.0011
4561.250934,0.521887818,740,796,70,27,1.8,0.3,0.3,0.4,0.0042
4562.174455,0.522058392,814,559,71,26,1.8,0.3,0.3,0.4,0.0033
4563.097976,0.522228967,527,241,70,27,1.8,0.3,0.3,0.4,0.0010
4564.021498,0.522399541,694,700,71,26,1.8,0.3,0.3,0.4,0.0044
4564.945019,0.522570115,813,440,70,27,1.8,0.3,0.3,0.4,0.0035
4565.868541,0.52274069,659,658,71,26,1.8,0.3,0.3,0.4,0.0100
4566.792062,0.522911264,663,398,70,27,1.8,0.3,0.3,0.4,0.0072
4567.715584,0.523081839,893,284,71,26,1.8,0.3,0.3,0.4,0.0044
4568.639105,0.523252413,673,625,70,27,1.8,0.3,0.3,0.4,0.0071
4569.562626,0.523422987,683,407,71,26,1.8,0.3,0.3,0.4,0.0078
4570.486148,0.523593562,855,620,70,27,1.8,0.3,0.3,0.4,0.0081
4571.409669,0.523764136,215,892,71,26,1.8,0.3,0.3,0.4,0.0098
4572.333191,0.52393471,781,433,70,27,1.8,0.3,0.3,0.4,0.0009
4573.256712,0.524105285,694,538,71,26,1.8,0.3,0.3,0.4,0.0011
4574.180233,0.524275859,574,227,70,27,1.8,0.3,0.3,0.4,0.0028
4575.103755,0.524446433,461,730,71,26,1.8,0.3,0.3,0.4,0.0093
4576.027276,0.524617008,576,771,70,27,1.8,0.3,0.3,0.4,0.0063
4576.950798,0.524787582,735,720,71,26,1.8,0.3,0.3,0.4,0.0008
4577.874319,0.524958156,479,595,70,27,1.8,0.3,0.3,0.4,0.0088
4578.797841,0.525128731,780,340,71,26,1.8,0.3,0.3,0.4,0.0048
4579.721362,0.525299305,290,236,70,27,1.8,0.3,0.3,0.4,0.0033
4580.644883,0.525469879,751,340,71,26,1.8,0.3,0.3,0.4,0.0055
4581.568405,0.525640454,227,789,70,27,1.8,0.3,0.3,0.4,0.0004
4582.491926,0.525811028,293,330,71,26,1.8,0.3,0.3,0.4,0.0069
4583.415448,0.525981602,480,527,70,27,1.8,0.3,0.3,0.4,0.0084
4584.338969,0.526152177,516,211,71,26,1.8,0.3,0.3,0.4,0.0008
4585.262491,0.526322751,518,253,70,27,1.8,0.3,0.3,0.4,0.0083
4586.186012,0.526493326,824,389,71,26,1.8,0.3,0.3,0.4,0.0091
4587.109533,0.5266639,620,223,70,27,1.8,0.3,0.3,0.4,0.0086
4588.033055,0.526834474,249,418,71,26,1.8,0.3,0.3,0.4,0.0016
4588.956576,0.527005049,889,761,70,27,1.8,0.3,0.3,0.4,0.0013
4589.880098,0.527175623,442,497,71,26,1.8,0.3,0.3,0.4,0.0040
4590.803619,0.527346197,439,468,70,27,1.8,0.3,0.3,0.4,0.0053
4591.727141,0.527516772,828,869,71,26,1.8,0.3,0.3,0.4,0.0091
4592.650662,0.527687346,295,592,70,27,1.8,0.3,0.3,0.4,0.0001
4593.574183,0.52785792,318,680,71,26,1.8,0.3,0.3,0.4,0.0016
4594.497705,0.528028495,479,659,70,27,1.8,0.3,0.3,0.4,0.0060
4595.421226,0.528199069,471,488,71,26,1.8,0.3,0.3,0.4,0.0097
4596.344748,0.528369643,355,832,70,27,1.8,0.3,0.3,0.4,0.0023
4597.268269,0.528540218,843,473,71,26,1.8,0.3,0.3,0.4,0.0050
4598.19179,0.528710792,768,768,70,27,1.8,0.3,0.3,0.4,0.0012
4599.115312,0.528881366,426,894,71,26,1.8,0.3,0.3,0.4,0.0084
4600.038833,0.529051941,532,602,70,27,1.8,0.3,0.3,0.4,0.0029
4600.962355,0.529222515,368,817,71,26,1.8,0.3,0.3,0.4,0.0086
4601.885876,0.52939309,735,202,70,27,1.8,0.3,0.3,0.4,0.0029
4602.809398,0.529563664,691,306,71,26,1.8,0.3,0.3,0.4,0.0078
4603.732919,0.529734238,354,208,70,27,1.8,0.3,0.3,0.4,0.0094
4604.65644,0.529904813,495,876,71,26,1.8,0.3,0.3,0.4,0.0001
4106.878394,0.122449,721,349,70,27,1.8,0.3,0.3,0.4,0.0016
4605.579962,0.530075387,563,594,71,26,1.8,0.3,0.3,0.4,0.0015
4606.503483,0.530245961,299,527,70,27,1.8,0.3,0.3,0.4,0.0031
4607.427005,0.530416536,547,768,71,26,1.8,0.3,0.3,0.4,0.0064
4608.350526,0.53058711,310,221,70,27,1.8,0.3,0.3,0.4,0.0100
4609.274048,0.530757684,655,868,71,26,1.8,0.3,0.3,0.4,0.0015
4610.197569,0.530928259,634,555,70,27,1.8,0.3,0.3,0.4,0.0092
4611.12109,0.531098833,584,364,71,26,1.8,0.3,0.3,0.4,0.0060
4612.044612,0.531269407,738,838,70,27,1.8,0.3,0.3,0.4,0.0056
4612.968133,0.531439982,787,770,71,26,1.8,0.3,0.3,0.4,0.0053
,,,,,,,,,,
